Year,State,Constituency,Constituency_No,Candidate,Gender,Party,Party_Symbol,Total_Electors,Votes,Vote_Pct,Margin,Category
1952,Rajasthan,Jaipur,157.0,Jai Narayan,Male,Independent,IND,267890.0,165432.0,0.0,0.0,GEN
1952,Rajasthan,Sikar,7.0,Ramesh,Male,Independent,IND,1876234.0,1182345.0,0.0,0.0,GEN
1953,Rajasthan,Jhunjhunu,6.0,Ramesh,Male,Independent,IND,1892345.0,1198234.0,0.0,0.0,GEN
1955,Rajasthan,Churu,5.0,Ramesh,Male,Independent,IND,1823456.0,1178234.0,0.0,0.0,GEN
1957,Rajasthan,Alwar,29.0,Bhim Singh,Male,Independent,IND,245678.0,151234.0,0.0,0.0,GEN
1958,Rajasthan,Udaipur,21.0,Ramesh,Male,Independent,IND,1967890.0,1256789.0,0.0,0.0,GEN
1960,Kerala,Devikulam,0.0,P.T. Chacko,Male,Indian National Congress,INC,0.0,0.0,0.0,0.0,OTH
1960,West Bengal,Contai,0.0,Hare Krishna Konar,Male,Communist Party of India,CPI,0.0,0.0,0.0,0.0,OTH
1961,Delhi,New Delhi,1.0,Sucheta Kriplani,Female,Indian National Congress,INC,450000.0,237600.0,52.8,0.0,OTH
1962,Karnataka,Bangalore South,0.0,H.C. Dasappa,Male,Indian National Congress,INC,0.0,0.0,0.0,0.0,OTH
1962,Odisha,Cuttack,0.0,Biren Mitra,Male,Indian National Congress,INC,0.0,0.0,0.0,0.0,OTH
1962,Punjab,Ludhiana,0.0,Darbara Singh,Male,Indian National Congress,INC,0.0,0.0,0.0,0.0,OTH
1962,Rajasthan,Ajmer,44.0,Tika Ram,Male,Independent,IND,289012.0,178234.0,0.0,0.0,GEN
1962,Rajasthan,Alwar,3.0,Ramesh,Male,Independent,IND,1945678.0,1245678.0,0.0,0.0,GEN
1962,Uttar Pradesh,Phulpur,0.0,Vijaya Lakshmi Pandit,Female,Indian National Congress,INC,0.0,0.0,0.0,0.0,OTH
1963,Rajasthan,Jodhpur,10.0,Ramesh,Male,Independent,IND,2012345.0,1292345.0,0.0,0.0,GEN
1963,Tamil Nadu,Kuzhithurai,0.0,C. Subramaniam,Male,Indian National Congress,INC,0.0,0.0,0.0,0.0,OTH
1963,Uttar Pradesh,Amroha,0.0,Hafiz Ibrahim,Male,Indian National Congress,INC,0.0,0.0,0.0,0.0,OTH
1964,Goa,Marcaim,15.0,Dayanand Bandodkar,Male,Maharashtrawadi Gomantak Party,Lion,21340.0,14200.0,66.5,0.0,OTH
1964,Maharashtra,Kolhapur,0.0,S.B. Chavan,Male,Indian National Congress,INC,0.0,0.0,0.0,0.0,OTH
1965,Kerala,Ambalapuzha,0.0,K. Karunakaran,Male,Indian National Congress,INC,0.0,0.0,0.0,0.0,OTH
1965,West Bengal,Dum Dum,0.0,Hemanta Kumar Basu,Male,Forward Bloc,FORWA,0.0,0.0,0.0,0.0,OTH
1966,Assam,Mangaldai,0.0,Fakhruddin Ali Ahmed,Male,Indian National Congress,INC,0.0,0.0,0.0,0.0,OTH
1966,Uttar Pradesh,Phulpur,0.0,V.V. Giri,Male,Independent,IND,0.0,0.0,0.0,0.0,OTH
1967,Himachal Pradesh,Mandi,0.0,Y.S. Parmar,Male,Indian National Congress,INC,0.0,0.0,0.0,0.0,OTH
1967,Rajasthan,Bikaner,17.0,Kalyan Singh,Male,Independent,IND,234567.0,145678.0,0.0,0.0,GEN
1967,Rajasthan,Jaipur,12.0,Ramesh,Male,Independent,IND,2345678.0,1534567.0,0.0,0.0,GEN
1967,Tamil Nadu,Thanjavur,0.0,S. Ramanathan,Male,Dravida Munnetra Kazhagam,DMK,0.0,0.0,0.0,0.0,OTH
1968,Haryana,Bhiwani,0.0,Banarsi Das Gupta,Male,Indian National Congress,INC,0.0,0.0,0.0,0.0,OTH
1968,Karnataka,Shimoga,0.0,S. Nijalingappa,Male,Indian National Congress,INC,0.0,0.0,0.0,0.0,OTH
1968,Maharashtra,Pune,0.0,N.G. Goray,Male,Praja Socialist Party,PSP,0.0,0.0,0.0,0.0,OTH
1968,Odisha,Puri,0.0,Nandini Satpathy,Female,Indian National Congress,INC,0.0,0.0,0.0,0.0,OTH
1968,Rajasthan,Ajmer,4.0,Ramesh,Male,Independent,IND,1987234.0,1278234.0,0.0,0.0,GEN
1969,Gujarat,Rajkot,0.0,Minoo Masani,Male,Swatantra Party,SWA,0.0,0.0,0.0,0.0,OTH
1969,Puducherry,Puducherry,1.0,M. O. H. Farook,Male,Indian National Congress,INC,260000.0,180000.0,55.0,0.0,OTH
1969,Punjab,Amritsar,0.0,Zail Singh,Male,Indian National Congress,INC,0.0,0.0,0.0,0.0,OTH
1969,Rajasthan,Bikaner,2.0,Ramesh,Male,Independent,IND,1987234.0,1256789.0,0.0,0.0,GEN
1969,Uttar Pradesh,Gonda,0.0,Sanjay Singh,Male,Indian National Congress,INC,0.0,0.0,0.0,0.0,OTH
1969,West Bengal,Barrackpore,0.0,A.K. Gopalan,Male,Communist Party of India (Marxist),CPM,0.0,0.0,0.0,0.0,OTH
1970,Goa,Siroda,17.0,S. S. Barnable,Male,Maharashtrawadi Gomantak Party,Lion,11842.0,8940.0,54.2,0.0,OTH
1970,Kerala,Kottayam,0.0,K.M. George,Male,Kerala Congress,KERAL,0.0,0.0,0.0,0.0,OTH
1970,Manipur,Inner Manipur,1.0,R.K. Dorendra Singh,Male,Communist Party of India,CPI,272699.0,189743.0,46.3,0.0,OTH
1970,Tripura,Tripura West,1.0,B. Bhowmik,Male,Communist Party of India (Marxist),CPM,312412.0,162766.0,52.1,0.0,OTH
1971,Bihar,Chapra,7.0,Ramdeo Singh,Male,Indian National Congress,INC,620000.0,308760.0,49.8,0.0,OTH
1971,Nagaland,Chazouba,16.0,N. Theyo,Male,Naga National Organization,Mithun,6420.0,4494.0,53.91,0.0,OTH
1971,Nagaland,Mongoya,23.0,C. Jamir,Male,Naga National Organization,Mithun,5431.0,3968.0,41.08,0.0,OTH
1971,Nagaland,Peren,5.0,Kielu,Male,Naga National Organization,Mithun,4850.0,3487.0,52.23,0.0,OTH
1971,Rajasthan,Sikar,7.0,Ramesh,Male,Independent,IND,1876234.0,1182345.0,0.0,0.0,GEN
1971,Uttar Pradesh,Rae Bareli,0.0,Indira Gandhi,Female,Indian National Congress,INC,0.0,0.0,0.0,0.0,OTH
1971,West Bengal,Jadavpur,0.0,Somnath Chatterjee,Male,Communist Party of India (Marxist),CPM,0.0,0.0,0.0,0.0,OTH
1972,Karnataka,Chitradurga,0.0,K.H. Patil,Male,Indian National Congress,INC,0.0,0.0,0.0,0.0,OTH
1972,Maharashtra,Nagpur,0.0,Jambuwantrao Dhote,Male,Indian National Congress,INC,0.0,0.0,0.0,0.0,OTH
1972,Rajasthan,Jhunjhunu,6.0,Ramesh,Male,Independent,IND,1892345.0,1198234.0,0.0,0.0,GEN
1972,Rajasthan,Udaipur,164.0,Mohan Lal,Male,Independent,IND,267890.0,165432.0,0.0,0.0,GEN
1972,West Bengal,Howrah,0.0,Priya Ranjan Das Munsi,Male,Indian National Congress,INC,0.0,0.0,0.0,0.0,OTH
1973,Tamil Nadu,Dindigul,0.0,K. Rajaram,Male,Dravida Munnetra Kazhagam,DMK,0.0,0.0,0.0,0.0,OTH
1974,Rajasthan,Churu,5.0,Ramesh,Male,Independent,IND,1823456.0,1178234.0,0.0,0.0,GEN
1975,Assam,Nalbari,0.0,Hiteswar Saikia,Male,Indian National Congress,INC,0.0,0.0,0.0,0.0,OTH
1975,Gujarat,Ahmedabad,0.0,Indulal Yagnik,Male,Indian National Congress,INC,0.0,0.0,0.0,0.0,OTH
1975,Haryana,Ambala,0.0,Devi Lal,Male,Indian National Congress,INC,0.0,0.0,0.0,0.0,OTH
1975,Himachal Pradesh,Shimla,0.0,Virbhadra Singh,Male,Indian National Congress,INC,0.0,0.0,0.0,0.0,OTH
1975,Kerala,Mavelikara,0.0,Vayalar Ravi,Male,Indian National Congress,INC,0.0,0.0,0.0,0.0,OTH
1975,Odisha,Balasore,0.0,Pyarimohan Mohapatra,Male,Indian National Congress,INC,0.0,0.0,0.0,0.0,OTH
1975,Punjab,Jalandhar,0.0,Darbara Singh,Male,Indian National Congress,INC,0.0,0.0,0.0,0.0,OTH
1977,Bihar,Patna,8.0,Ram Nath Pandey,Male,Bharatiya Lok Dal,BLD,745000.0,390380.0,52.4,0.0,OTH
1977,Haryana,Rohtak,0.0,Bhajan Lal,Male,Janata Party,JNP,0.0,0.0,0.0,0.0,OTH
1977,Rajasthan,Jaipur,157.0,Bhairon Singh,Male,Independent,IND,298765.0,183456.0,0.0,0.0,GEN
1977,Rajasthan,Udaipur,21.0,Ramesh,Male,Independent,IND,1967890.0,1256789.0,0.0,0.0,GEN
1977,Tamil Nadu,Salem,0.0,Nedunchezhian,Male,Anna Dravida Munnetra Kazhagam,ADMK,0.0,0.0,0.0,0.0,OTH
1977,West Bengal,Midnapore,0.0,Jyoti Basu,Male,Communist Party of India (Marxist),CPM,0.0,0.0,0.0,0.0,OTH
1978,Karnataka,Bellary,0.0,S.M. Krishna,Male,Indian National Congress,INC,0.0,0.0,0.0,0.0,OTH
1978,Maharashtra,Aurangabad,0.0,Rafiq Zakaria,Male,Indian National Congress,INC,0.0,0.0,0.0,0.0,OTH
1978,Mizoram,Aizawl,0.0,Brig T. Sailo,Male,Mizo National Front,MNF,0.0,0.0,0.0,0.0,OTH
1978,Uttar Pradesh,Azamgarh,0.0,Mohd. Tahir,Male,Janata Party,JNP,0.0,0.0,0.0,0.0,OTH
1979,Kerala,Manjeri,0.0,P.K. Kunju,Male,Muslim League,MUSLI,0.0,0.0,0.0,0.0,OTH
1979,Rajasthan,Alwar,3.0,Ramesh,Male,Independent,IND,1945678.0,1245678.0,0.0,0.0,GEN
1979,West Bengal,Birbhum,0.0,Siddhartha Shankar Ray,Male,Indian National Congress,INC,0.0,0.0,0.0,0.0,OTH
1980,Bihar,Begusarai,9.0,Yogendra Sharma,Male,Communist Party of India,CPI,770000.0,374220.0,48.6,0.0,OTH
1980,Bihar,Buxar,10.0,Anant Sharma,Male,Indian National Congress,INC,790000.0,373670.0,47.3,0.0,OTH
1980,Gujarat,Surat,0.0,Kashiram Rana,Male,Indian National Congress,INC,0.0,0.0,0.0,0.0,OTH
1980,Himachal Pradesh,Hamirpur,0.0,Shanta Kumar,Male,Bharatiya Janata Party,BJP,0.0,0.0,0.0,0.0,OTH
1980,Karnataka,Hassan,0.0,H.D. Deve Gowda,Male,Indian National Congress,INC,0.0,0.0,0.0,0.0,OTH
1980,Maharashtra,Baramati,0.0,Sharad Pawar,Male,Indian National Congress,INC,0.0,0.0,0.0,0.0,OTH
1980,Odisha,Berhampur,0.0,Sriballav Panigrahi,Male,Indian National Congress,INC,0.0,0.0,0.0,0.0,OTH
1980,Punjab,Patiala,0.0,Amarinder Singh,Male,Indian National Congress,INC,0.0,0.0,0.0,0.0,OTH
1980,Rajasthan,Jodhpur,10.0,Ramesh,Male,Independent,IND,2012345.0,1292345.0,0.0,0.0,GEN
1980,Tamil Nadu,Sriperumbudur,0.0,R. Mohanarangam,Male,Indian National Congress,INC,0.0,0.0,0.0,0.0,OTH
1980,Uttar Pradesh,Garhwal,0.0,H.N. Bahuguna,Male,Indian National Congress,INC,0.0,0.0,0.0,0.0,OTH
1981,Uttar Pradesh,Garhwal,0.0,Manmohan Singh Rawat,Male,Indian National Congress,INC,0.0,0.0,0.0,0.0,OTH
1982,Haryana,Karnal,0.0,Mangal Sein,Male,Indian National Congress,INC,0.0,0.0,0.0,0.0,OTH
1982,Kerala,Ottapalam,0.0,V.S. Achuthanandan,Male,Communist Party of India (Marxist),CPM,0.0,0.0,0.0,0.0,OTH
1982,Uttar Pradesh,Lucknow,0.0,Sheila Kaul,Female,Indian National Congress,INC,0.0,0.0,0.0,0.0,OTH
1982,West Bengal,Serampore,0.0,Anil Mukherjee,Male,Communist Party of India (Marxist),CPM,0.0,0.0,0.0,0.0,OTH
1983,Karnataka,Mandya,0.0,G. Madegowda,Male,Janata Party,JNP,0.0,0.0,0.0,0.0,OTH
1983,Uttar Pradesh,Allahabad,0.0,Amitabh Bachchan,Male,Indian National Congress,INC,0.0,0.0,0.0,0.0,OTH
1984,Bihar,Gopalganj,12.0,Kali Prasad,Male,Indian National Congress,INC,785000.0,414480.0,52.8,0.0,OTH
1984,Bihar,Samastipur,11.0,Lalu Prasad Yadav,Male,Indian National Congress,INC,910000.0,502320.0,55.2,0.0,OTH
1984,Kerala,Kasaragod,0.0,M.I. Shanavas,Male,Indian National Congress,INC,0.0,0.0,0.0,0.0,OTH
1984,Nagaland,Tuensang Sadar,53.0,Changkong,Male,Indian National Congress,INC,11234.0,8695.0,55.78,0.0,OTH
1984,Rajasthan,Jaipur,12.0,Ramesh,Male,Independent,IND,2345678.0,1534567.0,0.0,0.0,GEN
1984,Sikkim,Gangtok,0.0,Nar Bahadur Bhandari,Male,Sikkim Sangram Parishad,SSP,0.0,0.0,0.0,0.0,OTH
1984,Tamil Nadu,Thanjavur,0.0,M. Arunachalam,Male,Anna Dravida Munnetra Kazhagam,ADMK,0.0,0.0,0.0,0.0,OTH
1984,West Bengal,Raiganj,0.0,Priya Ranjan Das Munsi,Male,Indian National Congress,INC,0.0,0.0,0.0,0.0,OTH
1985,Assam,Jorhat,0.0,Prafulla Kumar Mahanta,Male,Asom Gana Parishad,AGP,0.0,0.0,0.0,0.0,OTH
1985,Gujarat,Gandhinagar,0.0,L.K. Advani,Male,Bharatiya Janata Party,BJP,0.0,0.0,0.0,0.0,OTH
1985,Himachal Pradesh,Nahan,0.0,Sukh Ram,Male,Indian National Congress,INC,0.0,0.0,0.0,0.0,OTH
1985,Karnataka,Raichur,0.0,Veerappa Moily,Male,Indian National Congress,INC,0.0,0.0,0.0,0.0,OTH
1985,Maharashtra,Ichalkaranji,0.0,Awale Saheb,Male,Indian National Congress,INC,0.0,0.0,0.0,0.0,OTH
1985,Odisha,Dhenkanal,0.0,Bansidhar Mohanty,Male,Indian National Congress,INC,0.0,0.0,0.0,0.0,OTH
1985,Punjab,Bathinda,0.0,Surjit Singh Barnala,Male,Shiromani Akali Dal,SAD,0.0,0.0,0.0,0.0,OTH
1985,Rajasthan,Ajmer,4.0,Ramesh,Male,Independent,IND,1987234.0,1278234.0,0.0,0.0,GEN
1985,Rajasthan,Sikar,55.0,Dev Singh,Male,Independent,IND,278912.0,172345.0,0.0,0.0,GEN
1985,Uttar Pradesh,Amethi,0.0,Rajiv Gandhi,Male,Indian National Congress,INC,0.0,0.0,0.0,0.0,OTH
1985,West Bengal,Asansol,0.0,Nirmal Ghosh,Male,Communist Party of India (Marxist),CPM,0.0,0.0,0.0,0.0,OTH
1986,Tamil Nadu,Madurai Central,0.0,S.S. Ramasubbu,Male,Indian National Congress,INC,0.0,0.0,0.0,0.0,OTH
1986,Uttar Pradesh,Sultanpur,0.0,Sanjay Singh,Male,Indian National Congress,INC,0.0,0.0,0.0,0.0,OTH
1987,Haryana,Meham,0.0,Om Prakash Chautala,Male,Indian National Lok Dal,INLD,0.0,0.0,0.0,0.0,OTH
1987,Kerala,Thiruvananthapuram,0.0,K. Karunakaran,Male,Indian National Congress,INC,0.0,0.0,0.0,0.0,OTH
1987,Mizoram,Champhai,0.0,Zoramthanga,Male,Mizo National Front,MNF,0.0,0.0,0.0,0.0,OTH
1987,Nagaland,Dimapur-I,1.0,Hokishe,Male,Indian National Congress,INC,30511.0,19984.0,72.33,0.0,OTH
1987,West Bengal,Tamluk,0.0,Lakshman Seth,Male,Communist Party of India (Marxist),CPM,0.0,0.0,0.0,0.0,OTH
1988,Karnataka,Koppal,0.0,Basavaraj Bommai,Male,Janata Party,JNP,0.0,0.0,0.0,0.0,OTH
1988,Rajasthan,Bikaner,2.0,Ramesh,Male,Independent,IND,1987234.0,1256789.0,0.0,0.0,GEN
1988,Tamil Nadu,Tirunelveli,0.0,P. Shanmugam,Male,Dravida Munnetra Kazhagam,DMK,0.0,0.0,0.0,0.0,OTH
1988,Uttar Pradesh,Allahabad,0.0,V.P. Singh,Male,Janata Dal,JD,0.0,0.0,0.0,0.0,OTH
1988,West Bengal,Hooghly,0.0,Manab Mukherjee,Male,Communist Party of India (Marxist),CPM,0.0,0.0,0.0,0.0,OTH
1990,Assam,Kamrup,0.0,Bhumidhar Barman,Male,Indian National Congress,INC,0.0,0.0,0.0,0.0,OTH
1990,Gujarat,Rajkot West,0.0,Vajubhai Vala,Male,Bharatiya Janata Party,BJP,0.0,0.0,0.0,0.0,OTH
1990,Haryana,Uchana,0.0,Birender Singh,Male,Janata Dal,JD,0.0,0.0,0.0,0.0,OTH
1990,Himachal Pradesh,Kasauli,0.0,Virbhadra Singh,Male,Indian National Congress,INC,0.0,0.0,0.0,0.0,OTH
1990,Karnataka,Hubli-Dharwad,0.0,Jagadish Shettar,Male,Bharatiya Janata Party,BJP,0.0,0.0,0.0,0.0,OTH
1990,Maharashtra,Kolhapur,0.0,Sadashivrao Mandlik,Male,Indian National Congress,INC,0.0,0.0,0.0,0.0,OTH
1990,Odisha,Bhubaneswar,0.0,Bijoyini Mohanty,Female,Indian National Congress,INC,0.0,0.0,0.0,0.0,OTH
1990,Punjab,Faridkot,0.0,Sukhbir Singh Badal,Male,Shiromani Akali Dal,SAD,0.0,0.0,0.0,0.0,OTH
1990,Rajasthan,Alwar,29.0,Jaswant Singh,Male,Independent,IND,301234.0,184567.0,0.0,0.0,GEN
1990,Rajasthan,Sikar,7.0,Ramesh,Male,Independent,IND,1876234.0,1182345.0,0.0,0.0,GEN
1990,Sikkim,Soreng,0.0,Pawan Kumar Chamling,Male,Sikkim Democratic Front,SDF,0.0,0.0,0.0,0.0,OTH
1990,Tamil Nadu,North Madras,0.0,K. Anbazhagan,Male,Dravida Munnetra Kazhagam,DMK,0.0,0.0,0.0,0.0,OTH
1990,Tripura,Tripura West,1.0,Santosh Mohan Dev,Male,Indian National Congress,INC,742816.0,655163.0,88.2,0.0,OTH
1990,Uttar Pradesh,Meerganj,0.0,Ram Nagina Mishra,Male,Janata Dal,JD,0.0,0.0,0.0,0.0,OTH
1990,West Bengal,Diamond Harbour,0.0,Surjya Kanta Mishra,Male,Communist Party of India (Marxist),CPM,0.0,0.0,0.0,0.0,OTH
1991,Bihar,Jharia,0.0,A. Devi,Female,Janata Dal,JD,0.0,0.0,0.0,0.0,OTH
1991,Bihar,Patna,15.0,Ram Lakhan Singh Yadav,Male,Janata Dal,JD,1175000.0,612225.0,52.1,0.0,OTH
1991,Bihar,Purnea,16.0,Taslimudin,Male,Janata Dal,JD,925000.0,469900.0,50.8,0.0,OTH
1991,Kerala,Kottayam,0.0,Suresh Kurup,Male,Communist Party of India (Marxist),CPM,0.0,0.0,0.0,0.0,OTH
1991,Manipur,Oinam,25.0,K.A. Devi,Female,Indian National Congress,INC,15531.0,15755.0,19.54,0.0,OTH
1991,Manipur,Singjamei,13.0,I.H. Singh,Male,Indian National Congress,INC,12561.0,13014.0,10.36,0.0,OTH
1991,Rajasthan,Jhunjhunu,6.0,Ramesh,Male,Independent,IND,1892345.0,1198234.0,0.0,0.0,GEN
1992,Delhi,New Delhi,3.0,Rajesh Khanna,Male,Indian National Congress,INC,520000.0,283920.0,54.6,0.0,OTH
1992,Tamil Nadu,Marungapuri,0.0,M. Thambi Durai,Male,Anna Dravida Munnetra Kazhagam,ADMK,0.0,0.0,0.0,0.0,OTH
1992,Uttar Pradesh,Mainpuri,0.0,Mulayam Singh Yadav,Male,Samajwadi Party,SP,0.0,0.0,0.0,0.0,OTH
1992,West Bengal,Malda,0.0,A.B.A. Ghani Khan Chowdhury,Male,Indian National Congress,INC,0.0,0.0,0.0,0.0,OTH
1993,Bihar,Paliganj,46.0,Suresh Pasi,Male,Samajwadi Party,SP,185000.0,89725.0,48.5,0.0,OTH
1993,Mizoram,Lunglei,0.0,Laldenga,Male,Indian National Congress,INC,0.0,0.0,0.0,0.0,OTH
1993,Rajasthan,Churu,5.0,Ramesh,Male,Independent,IND,1823456.0,1178234.0,0.0,0.0,GEN
1993,Rajasthan,Jaipur,157.0,Pratap Singh,Male,Independent,IND,356789.0,218923.0,0.0,0.0,GEN
1993,Tamil Nadu,Tiruchirappalli,0.0,E. Ponnuswamy,Male,Indian National Congress,INC,0.0,0.0,0.0,0.0,OTH
1993,Uttar Pradesh,Lucknow,0.0,Atal Bihari Vajpayee,Male,Bharatiya Janata Party,BJP,0.0,0.0,0.0,0.0,OTH
1994,Karnataka,Bangalore North,0.0,C.N. Balakrishnan,Male,Indian National Congress,INC,0.0,0.0,0.0,0.0,OTH
1994,Kerala,Mattannur,0.0,E.P. Jayarajan,Male,Communist Party of India (Marxist),CPM,0.0,0.0,0.0,0.0,OTH
1994,Nagaland,Western Angami,8.0,N.T. Nakhro,Male,Indian National Congress,INC,9871.0,7405.0,53.88,0.0,OTH
1994,Rajasthan,Bikaner,17.0,Mohan Singh,Male,Independent,IND,289012.0,178234.0,0.0,0.0,GEN
1994,Rajasthan,Udaipur,21.0,Ramesh,Male,Independent,IND,1967890.0,1256789.0,0.0,0.0,GEN
1994,Uttar Pradesh,Noorpur,0.0,Surendra Singh,Male,Bahujan Samaj Party,BSP,0.0,0.0,0.0,0.0,OTH
1994,West Bengal,Panskura,0.0,Lakshman Seth,Male,Communist Party of India (Marxist),CPM,0.0,0.0,0.0,0.0,OTH
1995,Gujarat,Visavadar,0.0,Keshubhai Patel,Male,Bharatiya Janata Party,BJP,0.0,0.0,0.0,0.0,OTH
1995,Himachal Pradesh,Dharamsala,0.0,Kishan Kapoor,Male,Bharatiya Janata Party,BJP,0.0,0.0,0.0,0.0,OTH
1995,Maharashtra,Nashik,0.0,Balasaheb Thackeray,Male,Shiv Sena,SHS,0.0,0.0,0.0,0.0,OTH
1995,Manipur,Khundrakpam,1.0,Konjengbam Binoy,Male,Manipur Peoples Party,SP,18146.0,15857.0,40.61,0.0,OTH
1995,Nagaland,Tehok,45.0,W. Wangyuh,Male,Indian National Congress,INC,13842.0,12858.0,82.5,0.0,OTH
1995,Rajasthan,Alwar,3.0,Ramesh,Male,Independent,IND,1945678.0,1245678.0,0.0,0.0,GEN
1995,Rajasthan,Kota,172.0,Bhairon Singh,Male,Independent,IND,298765.0,185678.0,0.0,0.0,GEN
1995,Uttar Pradesh,Moradabad,0.0,Mohammad Azam Khan,Male,Samajwadi Party,SP,0.0,0.0,0.0,0.0,OTH
1995,West Bengal,Nalhati,0.0,Moinul Haque,Male,Communist Party of India (Marxist),CPM,0.0,0.0,0.0,0.0,OTH
1996,Andhra Pradesh,Dhone,0.0,K.E. Prabhakar,Male,Telugu Desam Party,TDP,148650.0,102415.0,51.2,0.0,OTH
1996,Andhra Pradesh,Harishchandrapuram,4.0,Atchannaidu Kinjarapu,Male,Telugu Desam Party,TDP,140536.0,103285.0,61.76,0.0,OTH
1996,Andhra Pradesh,Hindupur,164.0,Nandamuri Harikrishna,Male,Telugu Desam Party,TDP,182243.0,119447.0,72.0,0.0,OTH
1996,Andhra Pradesh,Jadcherla,0.0,M. Chandra Sekhar,Male,Telugu Desam Party,TDP,163515.0,114670.0,68.46,0.0,OTH
1996,Andhra Pradesh,Jagtial,0.0,L. Ramana,Male,Telugu Desam Party,TDP,151240.0,99410.0,53.1,0.0,OTH
1996,Andhra Pradesh,Kodangal,0.0,G. Gurunath Reddy,Male,Telugu Desam Party,TDP,155420.0,98450.0,48.9,0.0,OTH
1996,Andhra Pradesh,Mulug,0.0,Ajmeera Chandulal,Male,Telugu Desam Party,TDP,138420.0,103142.0,47.4,0.0,OTH
1996,Andhra Pradesh,Mummidivaram,53.0,G.M.C. Balayogi,Male,Telugu Desam Party,TDP,128450.0,92114.0,49.8,0.0,OTH
1996,Andhra Pradesh,Nagaram,57.0,K. S. R. Murthy,Male,Indian National Congress,INC,121440.0,85412.0,45.3,0.0,OTH
1996,Andhra Pradesh,Nandyal,27.0,Bhuma Nagi Reddy,Male,Telugu Desam Party,TDP,1123437.0,707384.0,80.94,0.0,OTH
1996,Andhra Pradesh,Narasapur,59.0,Kothapalli Janakiram,Male,Telugu Desam Party,TDP,158343.0,119576.0,50.51,0.0,OTH
1996,Andhra Pradesh,Narasipatnam,36.0,Ch. Ayyanna Patrudu,Male,Telugu Desam Party,TDP,134812.0,115170.0,52.1,0.0,OTH
1996,Andhra Pradesh,Nirmal,0.0,S. Venugopala Chary,Male,Telugu Desam Party,TDP,142310.0,108640.0,54.2,0.0,OTH
1996,Andhra Pradesh,Pathapatnam,6.0,Lakshmi Parvathi N.,Female,Telugu Desam Party (Lakshmi Parvathi),Lion,126691.0,90187.0,48.99,0.0,OTH
1996,Andhra Pradesh,Penukonda,166.0,Paritala Ravindra,Male,Telugu Desam Party,TDP,161165.0,110691.0,77.13,0.0,OTH
1996,Andhra Pradesh,Punganur,143.0,N. Amaranatha Reddy,Male,Telugu Desam Party,TDP,152410.0,115420.0,55.4,0.0,OTH
1996,Andhra Pradesh,Sujanagar,0.0,B. Venkateswara Rao,Male,Communist Party of India (Marxist),CPM,144560.0,92140.0,44.2,0.0,OTH
1996,Arunachal Pradesh,Basar (ST),29.0,Jobom Basar,Male,Independent,IND,0.0,0.0,0.0,0.0,OTH
1996,Arunachal Pradesh,Namsang (ST),54.0,Changkom Hondik,Male,Indian National Congress,INC,7742.0,5758.0,50.95,0.0,OTH
1996,Assam,Guwahati,0.0,Himanta Biswa Sarma,Male,Indian National Congress,INC,0.0,0.0,0.0,0.0,OTH
1996,Bihar,Mashrakh,48.0,Ram Lakhan Yadav,Male,Rashtriya Janata Dal,RJD,210000.0,104580.0,49.8,0.0,OTH
1996,Bihar,Paliganj,47.0,Janardan Sharma,Male,Bharatiya Janata Party,BJP,198000.0,99396.0,50.2,0.0,OTH
1996,Haryana,Bhiwani,0.0,Sushma Swaraj,Female,Bharatiya Janata Party,BJP,0.0,0.0,0.0,0.0,OTH
1996,Kerala,Malappuram,0.0,E. Ahamed,Male,Muslim League,MUSLI,0.0,0.0,0.0,0.0,OTH
1996,Odisha,Kendrapara,0.0,Ananga Udaya Singh Deo,Male,Indian National Congress,INC,0.0,0.0,0.0,0.0,OTH
1996,Rajasthan,Jaipur,12.0,Ramesh,Male,Independent,IND,2345678.0,1534567.0,0.0,0.0,GEN
1996,Rajasthan,Udaipur,164.0,Sajjan Singh,Male,Independent,IND,312456.0,192345.0,0.0,0.0,GEN
1996,Tamil Nadu,Radhakrishnan Nagar,0.0,J. Jayalalithaa,Female,Anna Dravida Munnetra Kazhagam,ADMK,0.0,0.0,0.0,0.0,OTH
1996,Tripura,Kanchanpur,60.0,B Induram,Male,Communist Party of India (Marxist),CPM,20451.0,16342.0,48.38,0.0,OTH
1996,Tripura,Santirbazar,36.0,Narayan R,Male,Communist Party of India (Marxist),CPM,23283.0,19564.0,53.45,0.0,OTH
1996,West Bengal,Basirhat,0.0,Anisur Rahaman,Male,Communist Party of India (Marxist),CPM,0.0,0.0,0.0,0.0,OTH
1997,Andhra Pradesh,Allagadda,0.0,Bhuma Shobha Rani,Female,Telugu Desam Party,TDP,170560.0,106571.0,71.81,0.0,OTH
1997,Andhra Pradesh,Darsi,121.0,Narapusetty Papa Rao,Male,Telugu Desam Party,TDP,190940.0,122683.0,52.53,0.0,OTH
1997,Delhi,East Delhi,4.0,Lal Bihari Tiwari,Male,Bharatiya Janata Party,BJP,543037.0,264550.0,48.7,0.0,OTH
1997,Delhi,Sadar,1.0,Krishan Kumar,Male,Indian National Congress,INC,125000.0,65375.0,52.3,0.0,OTH
1997,Jammu & Kashmir,DODA,53.0,KHALID NAJEEB,Male,Jammu & Kashmir National Conference,JKNC,47956.0,31353.0,50.31,0.0,OTH
1997,Madhya Pradesh,CHHINDWARA,27.0,SUNDERLAL PATWA,Male,Bharatiya Janata Party,BJP,996033.0,689479.0,5.46,0.0,OTH
1997,Puducherry,Puducherry,1.0,M. O. H. Farook,Male,Indian National Congress,INC,550000.0,380000.0,60.0,0.0,OTH
1997,Punjab,Gurdaspur,0.0,Vinod Khanna,Male,Bharatiya Janata Party,BJP,0.0,0.0,0.0,0.0,OTH
1997,Rajasthan,Jodhpur,10.0,Chandresh Kumari,Female,Independent,IND,2012345.0,1292345.0,0.0,0.0,GEN
1997,Uttar Pradesh,Salempur,0.0,Raghunath Prasad,Male,Bharatiya Janata Party,BJP,0.0,0.0,0.0,0.0,OTH
1997,West Bengal,Barasat,0.0,Subrata Mukherjee,Male,Indian National Congress,INC,0.0,0.0,0.0,0.0,OTH
1998,Andhra Pradesh,Andole,0.0,P. Babu Mohan,Male,Telugu Desam Party,TDP,139947.0,100497.0,54.69,0.0,OTH
1998,Andhra Pradesh,Attili,66.0,Dandu Sivarama Raju,Male,Telugu Desam Party,TDP,140109.0,98414.0,70.51,0.0,OTH
1998,Andhra Pradesh,Hanamkonda (LS),0.0,Dr. P. V. Ranga Rao,Male,Indian National Congress,INC,230400.0,133948.0,35.6,0.0,OTH
1998,Andhra Pradesh,Madhira (LA),0.0,Katta Venkatanarasaiah,Male,Communist Party of India (Marxist),CPM,180883.0,144008.0,35.08,0.0,OTH
1998,Andhra Pradesh,Metpalli,0.0,Komi Reddy Jyothi Devi,Female,Indian National Congress,INC,162693.0,100210.0,34.52,0.0,OTH
1998,Andhra Pradesh,Mummidivaram,43.0,Chelli Vivekananda,Male,Telugu Desam Party,TDP,134965.0,82094.0,60.73,0.0,OTH
1998,Bihar,Adapur,51.0,Shyam Bihari Prasad,Male,Rashtriya Janata Dal,RJD,205000.0,101270.0,49.4,0.0,OTH
1998,Bihar,Belaganj,53.0,Mahesh Singh Yadav,Male,Rashtriya Janata Dal,RJD,248000.0,129208.0,52.1,0.0,OTH
1998,Bihar,Koderma,50.0,Annapurna Devi,Female,Rashtriya Janata Dal,RJD,215000.0,108790.0,50.6,0.0,OTH
1998,Bihar,Purnia,52.0,Madhvi Sarkar,Female,Communist Party of India (Marxist),CPM,235000.0,112330.0,47.8,0.0,OTH
1998,Bihar,Sheohar,49.0,Thakur Ratnakar,Male,Rashtriya Janata Dal,RJD,225000.0,115425.0,51.3,0.0,OTH
1998,Gujarat,Patan,0.0,K.C. Patel,Male,Bharatiya Janata Party,BJP,0.0,0.0,0.0,0.0,OTH
1998,Haryana,Sirsa,0.0,Ashok Tanwar,Male,Indian National Congress,INC,0.0,0.0,0.0,0.0,OTH
1998,Jammu & Kashmir,JAMMU EAST,72.0,ASHKO KUMAR,Male,Indian National Congress,INC,71832.0,24106.0,25.71,0.0,OTH
1998,Kerala,Piravom,0.0,Anoop Jacob,Male,Kerala Congress,KERAL,0.0,0.0,0.0,0.0,OTH
1998,Maharashtra,Satara,0.0,Abhaysinh Bhonsle,Male,Indian National Congress,INC,0.0,0.0,0.0,0.0,OTH
1998,Mizoram,Serchhip,0.0,Zoramthanga,Male,Mizo National Front,MNF,0.0,0.0,0.0,0.0,OTH
1998,Odisha,Hinjili,0.0,Naveen Patnaik,Male,Biju Janata Dal,BJD,0.0,0.0,0.0,0.0,OTH
1998,Rajasthan,Ajmer,4.0,Raghu,Male,Independent,IND,1987234.0,1278234.0,0.0,0.0,GEN
1998,Tamil Nadu,Sankarankovil,0.0,A. Raja,Male,Dravida Munnetra Kazhagam,DMK,0.0,0.0,0.0,0.0,OTH
1998,Uttar Pradesh,Ballia,0.0,Brij Bhushan Sharan Singh,Male,Bharatiya Janata Party,BJP,0.0,0.0,0.0,0.0,OTH
1998,West Bengal,Cooch Behar,0.0,Nilmoni Singh,Male,Communist Party of India (Marxist),CPM,0.0,0.0,0.0,0.0,OTH
1999,Jammu & Kashmir,BIJBEHERA,45.0,ABDUL REHMAN,Male,Independent,IND,54547.0,8620.0,14.5,0.0,OTH
1999,Jammu & Kashmir,LANGATE,5.0,MOHD. SULTAN PANDIT,Male,Independent,IND,42426.0,17232.0,41.78,0.0,OTH
1999,Karnataka,Bellary,0.0,B. Sriramulu,Male,Bharatiya Janata Party,BJP,0.0,0.0,0.0,0.0,OTH
1999,Maharashtra,Mumbai South,0.0,Mohan Rawale,Male,Shiv Sena,SHS,0.0,0.0,0.0,0.0,OTH
1999,Rajasthan,Bhilwara,131.0,Subhash Bahedia,Male,Independent,IND,295678.0,182345.0,0.0,0.0,GEN
1999,Rajasthan,Bikaner,2.0,Ramesh,Male,Independent,IND,1987234.0,1256789.0,0.0,0.0,GEN
1999,Sikkim,Upper Tadong,0.0,Pawan Kumar Chamling,Male,Sikkim Democratic Front,SDF,0.0,0.0,0.0,0.0,OTH
1999,Uttar Pradesh,Rampur,0.0,Jayaprada,Female,Samajwadi Party,SP,0.0,0.0,0.0,0.0,OTH
1999,West Bengal,Kolkata North,0.0,Sudip Bandyopadhyay,Male,All India Trinamool Congress,AITC,0.0,0.0,0.0,0.0,OTH
2000,Andhra Pradesh,Bhongir,0.0,Alimineti Uma Devi,Female,Telugu Desam Party,TDP,179978.0,127886.0,61.3,0.0,OTH
2000,Andhra Pradesh,Chevella,0.0,Patlolla Sabitha,Female,Indian National Congress,INC,208250.0,143912.0,58.68,0.0,OTH
2000,Andhra Pradesh,Gudivada,85.0,Raavi Venkateswara Rao,Male,Telugu Desam Party,TDP,168159.0,96315.0,65.0,0.0,OTH
2000,Rajasthan,Banswara,148.0,Arjun Singh,Male,Independent,IND,267890.0,167234.0,0.0,0.0,ST
2000,Rajasthan,Kota,20.0,Ramesh,Male,Independent,IND,1923456.0,1212345.0,0.0,0.0,GEN
2000,Uttar Pradesh,Gorakhpur,0.0,Yogi Adityanath,Male,Bharatiya Janata Party,BJP,0.0,0.0,0.0,0.0,OTH
2000,West Bengal,Durgapur,0.0,Apurba Mukherjee,Male,Communist Party of India (Marxist),CPM,0.0,0.0,0.0,0.0,OTH
2001,Andhra Pradesh,Badvel,155.0,Bijivemula Koneti Reddy,Male,Telugu Desam Party,TDP,153842.0,112456.0,53.4,0.0,OTH
2001,Andhra Pradesh,Giddalur,123.0,Pidathala Sai Kalpana,Female,Telugu Desam Party,TDP,151326.0,104506.0,52.8,0.0,OTH
2001,Andhra Pradesh,Siddipet,0.0,K. Chandrashekar Rao,Male,Bharat Rashtra Samithi,BRS,174864.0,114205.0,72.35,0.0,OTH
2001,Andhra Pradesh,Vuyyuru,84.0,Anne Vijaya Lakshmi,Female,Telugu Desam Party,TDP,124379.0,89951.0,58.28,0.0,OTH
2001,Arunachal Pradesh,Pakke Kessang (ST),12.0,Nyani Natung,Female,Indian National Congress,INC,6728.0,5010.0,62.58,0.0,OTH
2001,Kerala,Thrissur,0.0,V.S. Sunil Kumar,Male,Communist Party of India (Marxist),CPM,0.0,0.0,0.0,0.0,OTH
2001,Manipur,Outer Manipur,2.0,Holkhomang Haokip,Male,Nationalist Congress Party,NCP,737402.0,538920.0,54.74,0.0,OTH
2001,Rajasthan,Baran,25.0,Rameshwar,Male,Independent,IND,1789234.0,1134567.0,0.0,0.0,ST
2001,Tripura,Banamalipur,9.0,Prasanta K,Male,Communist Party of India,CPI,22812.0,18142.0,51.2,0.0,OTH
2001,Uttar Pradesh,Ambedkar Nagar,0.0,Ram Govind Chaudhary,Male,Samajwadi Party,SP,0.0,0.0,0.0,0.0,OTH
2001,West Bengal,Medinipur,0.0,Bikash Chowdhury,Male,All India Trinamool Congress,AITC,0.0,0.0,0.0,0.0,OTH
2002,Andhra Pradesh,Amalapuram,9.0,Ganti Vijaya Kumari,Female,Telugu Desam Party,TDP,997557.0,376457.0,90.82,0.0,OTH
2002,Andhra Pradesh,Deverakonda (ST),0.0,Smt. Deeravath Bharathi,Female,Indian National Congress,INC,181197.0,0.0,0.0,0.0,OTH
2002,Andhra Pradesh,Medak,0.0,Karanam Uma Devi,Female,Telugu Desam Party,TDP,170857.0,116729.0,37.23,0.0,OTH
2002,Arunachal Pradesh,Daporijo (ST),24.0,Yari Dulom,Female,Indian National Congress,INC,14951.0,9331.0,65.81,0.0,OTH
2002,Assam,Silchar,0.0,Kabindra Purkayastha,Male,Bharatiya Janata Party,BJP,0.0,0.0,0.0,0.0,OTH
2002,Goa,Benaulim,32.0,Francisco Pacheco,Male,United Goans Party,INC,21980.0,12176.0,55.4,0.0,OTH
2002,Gujarat,Junagadh,0.0,Mahant Swami,Male,Bharatiya Janata Party,BJP,0.0,0.0,0.0,0.0,OTH
2002,Haryana,Adampur,0.0,Bhajan Lal,Male,Indian National Congress,INC,0.0,0.0,0.0,0.0,OTH
2002,Jammu & Kashmir,JAMMU,6.0,CHOWDHARY TALIB HUSSAIN,Male,Jammu & Kashmir National Conference,JKNC,1580191.0,728235.0,7.62,0.0,OTH
2002,Karnataka,Bidar,0.0,Basavaraj Patil,Male,Indian National Congress,INC,0.0,0.0,0.0,0.0,OTH
2002,Madhya Pradesh,GUNA,4.0,JYOTIRADITYA MADHAVRAO SCINDIA,Male,Indian National Congress,INC,1287191.0,721222.0,56.37,0.0,OTH
2002,Maharashtra,Solapur,0.0,Sushilkumar Shinde,Male,Indian National Congress,INC,0.0,0.0,0.0,0.0,OTH
2002,Odisha,Rourkela,0.0,Dilip Ray,Male,Bharatiya Janata Party,BJP,0.0,0.0,0.0,0.0,OTH
2002,Punjab,Adampur,0.0,Bhajan Lal,Male,Indian National Congress,INC,0.0,0.0,0.0,0.0,OTH
2002,Rajasthan,Jaisalmer,7.0,Chandra Singh,Male,Independent,IND,245678.0,151234.0,0.0,0.0,GEN
2002,Rajasthan,Sikar,7.0,Ramesh,Male,Independent,IND,1876234.0,1182345.0,0.0,0.0,GEN
2002,Tamil Nadu,Andipatti,0.0,J. Jayalalithaa,Female,Anna Dravida Munnetra Kazhagam,ADMK,0.0,0.0,0.0,0.0,OTH
2002,Tripura,Tripura West,1.0,Khagen Das,Male,Communist Party of India (Marxist),CPM,914212.0,678345.0,74.2,0.0,OTH
2002,Uttar Pradesh,Lucknow West,0.0,Lalji Tandon,Male,Bharatiya Janata Party,BJP,0.0,0.0,0.0,0.0,OTH
2002,Uttarakhand,Dehradun,0.0,N.D. Tiwari,Male,Indian National Congress,INC,0.0,0.0,0.0,0.0,OTH
2002,West Bengal,Krishnanagar,0.0,Saumen Mahapatra,Male,Communist Party of India (Marxist),CPM,0.0,0.0,0.0,0.0,OTH
2003,Andhra Pradesh,Karwan,0.0,Mohd. Muqtada Khan,Male,All India Majlis-e-Ittehadul Muslimeen,Kite,295902.0,130831.0,51.51,0.0,OTH
2003,Bihar,Barachatti,57.0,Krishna Mohan Yadav,Male,Rashtriya Janata Dal,RJD,243000.0,115425.0,47.5,0.0,OTH
2003,Bihar,Fatwa,56.0,Ram Vilas Ram,Male,Janata Dal (United),JDU,265000.0,127730.0,48.2,0.0,OTH
2003,Bihar,Sitamarhi,55.0,Sunil Kumar,Male,Rashtriya Janata Dal,RJD,275000.0,136400.0,49.6,0.0,OTH
2003,Himachal Pradesh,Kinnaur,0.0,Tek Chand Dogra,Male,Indian National Congress,INC,0.0,0.0,0.0,0.0,OTH
2003,Jammu & Kashmir,PAMPORE,32.0,ZAHOOR AHMAD MIR,Male,Jammu & Kashmir Peoples Democratic Party,INK POT & PEN,51688.0,19432.0,65.78,0.0,OTH
2003,Mizoram,Kolasib,0.0,Lalthanhawla,Male,Indian National Congress,INC,0.0,0.0,0.0,0.0,OTH
2003,Rajasthan,Bikaner,17.0,Laxmi Kumar,Male,Independent,IND,301234.0,185678.0,0.0,0.0,GEN
2003,Rajasthan,Chittorgarh,16.0,Suresh,Male,Independent,IND,1945678.0,1234567.0,0.0,0.0,GEN
2003,Uttar Pradesh,Etawah,0.0,Premdas Katheria,Male,Bahujan Samaj Party,BSP,0.0,0.0,0.0,0.0,OTH
2003,West Bengal,Ranaghat,0.0,Tapan Sikdar,Male,All India Trinamool Congress,AITC,0.0,0.0,0.0,0.0,OTH
2004,Andhra Pradesh,Asafnagar,0.0,Mohd Moazam Khan,Male,All India Majlis-e-Ittehadul Muslimeen,Kite,184868.0,70311.0,36.58,0.0,OTH
2004,Andhra Pradesh,Siddipet,0.0,Harish Rao. T,Male,Bharat Rashtra Samithi,BRS,167565.0,115460.0,55.76,0.0,OTH
2004,Bihar,Madhepura,1.0,Rajesh Ranjan alias Pappu Yadav,Male,Rashtriya Janata Dal,RJD,1187000.0,644541.0,54.3,0.0,OTH
2004,Chhattisgarh,Alakatara,34.0,Chatram Devagan,Male,Bharatiya Janata Party,BJP,166485.0,97765.0,58.7,0.0,OTH
2004,Chhattisgarh,Dongargaon,85.0,Dr. Raman,Male,Bharatiya Janata Party,BJP,112636.0,80148.0,71.2,0.0,OTH
2004,Chhattisgarh,Keshkal,63.0,Sewak Ram Netam,Male,Bharatiya Janata Party,BJP,146841.0,109160.0,74.3,0.0,OTH
2004,Chhattisgarh,Khairagarh,88.0,Komal Janghel,Male,Bharatiya Janata Party,BJP,147608.0,110995.0,75.2,0.0,OTH
2004,Chhattisgarh,Kota,25.0,Dr. Renu Jogi,Female,Indian National Congress,INC,146323.0,114308.0,78.1,0.0,OTH
2004,Chhattisgarh,Malkharoda,38.0,Nirmal Sinha,Male,Bharatiya Janata Party,BJP,172862.0,101193.0,58.5,0.0,OTH
2004,Chhattisgarh,Rajnandgaon,11.0,Dev Wrat Singh,Male,Indian National Congress,INC,1163778.0,736357.0,63.3,0.0,OTH
2004,Delhi,Baljit Nagar,0.0,Rajesh Lilothia,Male,Indian National Congress,INC,0.0,0.0,0.0,0.0,OTH
2004,Jammu & Kashmir,AKHNOOR,79.0,SHAM LAL SHARMA,Male,Indian National Congress,INC,85878.0,55302.0,6.47,0.0,OTH
2004,Jammu & Kashmir,BASOLHI,64.0,KANTA ANDOTRA,Male,Indian National Congress,INC,71915.0,42977.0,8.79,0.0,OTH
2004,Jammu & Kashmir,BATMALOO,25.0,TARIQ AHMED KARA,Male,Jammu & Kashmir Peoples Democratic Party,INK POT & PEN,106131.0,12443.0,26.26,0.0,OTH
2004,Jammu & Kashmir,PAHALGAM,46.0,MUFTI MOHAMMAD SAYEED,Male,Jammu & Kashmir Peoples Democratic Party,INK POT & PEN,64121.0,13875.0,37.29,0.0,OTH
2004,Jharkhand,Jamshedpur,9.0,Suman Mahato (E),Female,Jharkhand Mukti Morcha,Bow and arrow,1396230.0,641038.0,45.9,0.0,OTH
2004,Jharkhand,Koderma,5.0,Babu Lal Marandi,Male,Bharatiya Janata Party,BJP,1349091.0,758347.0,56.2,0.0,OTH
2004,Jharkhand,Palamu,13.0,Dhuran Ram,Male,Rashtriya Janata Dal,RJD,1366537.0,681173.0,49.8,0.0,OTH
2004,Kerala,Aroor,0.0,A.M. Ariff,Male,Communist Party of India (Marxist),CPM,0.0,0.0,0.0,0.0,OTH
2004,Maharashtra,Nanded,0.0,Ashok Chavan,Male,Indian National Congress,INC,0.0,0.0,0.0,0.0,OTH
2004,Rajasthan,Rajsamand,19.0,Raghuveer,Male,Independent,IND,1823456.0,1156789.0,0.0,0.0,GEN
2004,Rajasthan,Sikar,55.0,Narayan Singh,Male,Independent,IND,312345.0,192345.0,0.0,0.0,GEN
2004,Uttar Pradesh,Kannauj,0.0,Akhilesh Das Gupta,Male,Bahujan Samaj Party,BSP,0.0,0.0,0.0,0.0,OTH
2004,West Bengal,Burdwan,0.0,Prabir Ghosh,Male,Communist Party of India (Marxist),CPM,0.0,0.0,0.0,0.0,OTH
2005,Andhra Pradesh,Makthal,0.0,Chittemram Mohan Reddy,Male,Indian National Congress,INC,184294.0,98886.0,65.61,0.0,OTH
2005,Andhra Pradesh,Penukonda,166.0,Paritala Sunithamma,Female,Telugu Desam Party,TDP,168774.0,119544.0,54.98,0.0,OTH
2005,Assam,Nowgong,0.0,Rajen Gohain,Male,Bharatiya Janata Party,BJP,0.0,0.0,0.0,0.0,OTH
2005,Bihar,Adapur,13.0,Shyam Bihari Prasad,Male,Janata Dal (United),JDU,0.0,44714.0,0.0,0.0,GEN
2005,Bihar,Alamnagar,123.0,Narendra Nr. Yadav,Male,Janata Dal (United),JDU,0.0,39676.0,0.0,0.0,GEN
2005,Bihar,Alauli,166.0,Pashupati Kumar Paras,Male,Lok Jan Shakti Party,LJP,0.0,40870.0,0.0,0.0,SC
2005,Bihar,Amarpur,154.0,Surendra Prasad Singh,Male,Rashtriya Janata Dal,RJD,0.0,33679.0,0.0,0.0,GEN
2005,Bihar,Amaur,136.0,Abdul Jalil Mastan,Male,Indian National Congress,INC,0.0,48009.0,0.0,0.0,GEN
2005,Bihar,Araria,130.0,Pradeep Kumar Singh,Male,Bharatiya Janata Party,BJP,0.0,36089.0,0.0,0.0,GEN
2005,Bihar,Arrah,198.0,Amrendra Pratap Singh,Male,Bharatiya Janata Party,BJP,0.0,53489.0,0.0,0.0,GEN
2005,Bihar,Arwal,224.0,Dular Chand Singh,Male,Lok Jan Shakti Party,LJP,0.0,33810.0,0.0,0.0,GEN
2005,Bihar,Atri,238.0,Rajendra Prasad Yadav,Male,Rashtriya Janata Dal,RJD,0.0,63921.0,0.0,0.0,GEN
2005,Bihar,Babubarhi,77.0,Kapil Deb Kamat,Male,Janata Dal (United),JDU,0.0,39826.0,0.0,0.0,GEN
2005,Bihar,Bachhwara,107.0,Ramdeo Rai,Male,Independent,IND,0.0,39328.0,0.0,0.0,GEN
2005,Bihar,Bagaha,2.0,Purnmasi Ram,Male,Janata Dal (United),JDU,0.0,60794.0,0.0,0.0,SC
2005,Bihar,Bahadurganj,133.0,Md. Tousif Alam,Male,Indian National Congress,INC,0.0,58938.0,0.0,0.0,GEN
2005,Bihar,Bahera,85.0,Abdul Bari Siddiqui,Male,Rashtriya Janata Dal,RJD,0.0,44681.0,0.0,0.0,GEN
2005,Bihar,Baheri,87.0,Harekrishna Yadav,Male,Rashtriya Janata Dal,RJD,0.0,44770.0,0.0,0.0,GEN
2005,Bihar,Baikunthpur,26.0,Deo Dutt Prasad,Male,Rashtriya Janata Dal,RJD,0.0,44291.0,0.0,0.0,GEN
2005,Bihar,Baisi,137.0,Syed Ruknudin,Male,Independent,IND,0.0,30153.0,0.0,0.0,GEN
2005,Bihar,Bakhri,109.0,Ram Binod Paswan,Male,Communist Party of India,CPI,0.0,37876.0,0.0,0.0,SC
2005,Bihar,Bakhtiarpur,185.0,Vinode Yadav,Male,Bharatiya Janata Party,BJP,0.0,35774.0,0.0,0.0,GEN
2005,Bihar,Balia,103.0,Jamshed Asraf,Male,Janata Dal (United),JDU,0.0,46987.0,0.0,0.0,GEN
2005,Bihar,Banka,156.0,Ram Narayan Mandal,Male,Bharatiya Janata Party,BJP,0.0,44470.0,0.0,0.0,GEN
2005,Bihar,Banmankhi,126.0,Krishna Kumar Rishi,Male,Bharatiya Janata Party,BJP,0.0,38140.0,0.0,0.0,SC
2005,Bihar,Barari,141.0,Bibhash Chandra.,Male,Bharatiya Janata Party,BJP,0.0,38493.0,0.0,0.0,GEN
2005,Bihar,Barauli,25.0,Ram Pravesh Rai,Male,Bharatiya Janata Party,BJP,0.0,38235.0,0.0,0.0,GEN
2005,Bihar,Barauni,106.0,Rajendra Prasad Singh,Male,Communist Party of India,CPI,0.0,44451.0,0.0,0.0,GEN
2005,Bihar,Barbigha,174.0,Ashok Chaudhary,Male,Indian National Congress,INC,0.0,40319.0,0.0,0.0,SC
2005,Bihar,Barh,184.0,Gyanendra Kumar Singh,Male,Janata Dal (United),JDU,0.0,37667.0,0.0,0.0,GEN
2005,Bihar,Barhara,197.0,Asha Devi,Female,Janata Dal (United),JDU,0.0,41129.0,0.0,0.0,GEN
2005,Bihar,Barsoi,144.0,Mahbub Alam,Male,Communist Party of India (Marxist-Leninist) (Liberation),CPI(ML)(L),0.0,45451.0,0.0,0.0,GEN
2005,Bihar,Baruraj,55.0,Brij Kishor Singh,Male,Rashtriya Janata Dal,RJD,0.0,33788.0,0.0,0.0,GEN
2005,Bihar,Basantpur,27.0,Manikchand Rai,Male,Rashtriya Janata Dal,RJD,0.0,47922.0,0.0,0.0,GEN
2005,Bihar,Begusarai,105.0,Bhola Singh,Male,Bharatiya Janata Party,BJP,0.0,39768.0,0.0,0.0,GEN
2005,Bihar,Belhar,157.0,Janardan Manjhi,Male,Janata Dal (United),JDU,0.0,32970.0,0.0,0.0,GEN
2005,Bihar,Belsand,65.0,Sanjay Kumar Gupta,Male,Rashtriya Janata Dal,RJD,0.0,30899.0,0.0,0.0,GEN
2005,Bihar,Benipatti,73.0,Shaligram Yadav,Male,Janata Dal (United),JDU,0.0,38825.0,0.0,0.0,GEN
2005,Bihar,Bhabhua,212.0,Ram Chandra Singh,Male,Bahujan Samaj Party,BSP,0.0,37778.0,0.0,0.0,GEN
2005,Bihar,Bhagalpur,150.0,Ashwani Kumar Chubey,Male,Bharatiya Janata Party,BJP,0.0,53765.0,0.0,0.0,GEN
2005,Bihar,Bibhutpur,99.0,Ram Deo Verma,Male,Communist Party of India (Marxist),CPM,0.0,54616.0,0.0,0.0,GEN
2005,Bihar,Bihpur,152.0,Shalaish Kumar Alias,Male,Rashtriya Janata Dal,RJD,0.0,49115.0,0.0,0.0,GEN
2005,Bihar,Bikram,194.0,Anil Kumar,Male,Lok Jan Shakti Party,LJP,0.0,46150.0,0.0,0.0,GEN
2005,Bihar,Bikramganj,208.0,Jai Kumar Singh,Male,Janata Dal (United),JDU,0.0,41765.0,0.0,0.0,GEN
2005,Bihar,Bisfi,74.0,Hari Bhushan Thakur,Male,Independent,IND,0.0,33772.0,0.0,0.0,GEN
2005,Bihar,Bochaha,60.0,Ramai Ram,Male,Rashtriya Janata Dal,RJD,0.0,50956.0,0.0,0.0,SC
2005,Bihar,Bodh Gaya,235.0,Phoolchand Manjhi,Male,Rashtriya Janata Dal,RJD,0.0,45164.0,0.0,0.0,SC
2005,Bihar,Buxar,201.0,Hriday Narayan Singh,Male,Bahujan Samaj Party,BSP,0.0,46192.0,0.0,0.0,GEN
2005,Bihar,Chainpur,213.0,Mahabali Singh,Male,Rashtriya Janata Dal,RJD,0.0,39988.0,0.0,0.0,GEN
2005,Bihar,Chakai,159.0,Abhay Singh,Male,Lok Jan Shakti Party,LJP,0.0,27948.0,0.0,0.0,GEN
2005,Bihar,Chandi,181.0,Hari Narayan Singh,Male,Janata Dal (United),JDU,0.0,37186.0,0.0,0.0,GEN
2005,Bihar,Chapra,41.0,Ram Pravesh Ray,Male,Janata Dal (United),JDU,0.0,40371.0,0.0,0.0,GEN
2005,Bihar,Chautham,164.0,Panna Lal Singh 'Patel',Male,Janata Dal (United),JDU,0.0,30292.0,0.0,0.0,GEN
2005,Bihar,Chenari,215.0,Lalan Paswan,Male,Janata Dal (United),JDU,0.0,51741.0,0.0,0.0,SC
2005,Bihar,Cheria Bariarpur,108.0,Anil Chaudhary,Male,Lok Jan Shakti Party,LJP,0.0,32892.0,0.0,0.0,GEN
2005,Bihar,Chhatapur,114.0,Vishwa Mohan Bharti,Male,Janata Dal (United),JDU,0.0,39949.0,0.0,0.0,SC
2005,Bihar,Colgong,148.0,Ajay Kumar Mandal,Male,Janata Dal (United),JDU,0.0,58640.0,0.0,0.0,GEN
2005,Bihar,Dalsinghsarai,98.0,Sheel Kumar Roy,Male,Lok Jan Shakti Party,LJP,0.0,52497.0,0.0,0.0,GEN
2005,Bihar,Darbhanga,89.0,Sanjay Saraogi,Male,Bharatiya Janata Party,BJP,0.0,53263.0,0.0,0.0,GEN
2005,Bihar,Darbhanga Rural,88.0,Pitambar Paswan,Male,Rashtriya Janata Dal,RJD,0.0,34392.0,0.0,0.0,SC
2005,Bihar,Dehri,217.0,Pradeep Kumar Joshi,Male,Independent,IND,0.0,70558.0,0.0,0.0,GEN
2005,Bihar,Deo,219.0,Renu Devi,Male,Janata Dal (United),JDU,0.0,32677.0,0.0,0.0,SC
2005,Bihar,Dhamdaha,125.0,Leshi Singh,Male,Janata Dal (United),JDU,0.0,40587.0,0.0,0.0,GEN
2005,Bihar,Dhuraiya,155.0,Bhudeo Choudhary,Male,Janata Dal (United),JDU,0.0,47697.0,0.0,0.0,SC
2005,Bihar,Dinapur,191.0,Asha Devi,Female,Bharatiya Janata Party,BJP,0.0,49989.0,0.0,0.0,GEN
2005,Bihar,Dinara,209.0,Sita Sundari Devi,Female,Bahujan Samaj Party,BSP,0.0,41938.0,0.0,0.0,GEN
2005,Bihar,Dumraon,203.0,Dadan Singh,Male,AJVD,AJVD,0.0,31089.0,0.0,0.0,GEN
2005,Bihar,Fatehpur,237.0,Ajay Paswan,Male,Rashtriya Janata Dal,RJD,0.0,36231.0,0.0,0.0,SC
2005,Bihar,Fatwa,186.0,Saryug Paswan,Male,Janata Dal (United),JDU,0.0,38373.0,0.0,0.0,SC
2005,Bihar,Forbesganj,129.0,Laxmi Narayan Mehta,Male,Bharatiya Janata Party,BJP,0.0,63654.0,0.0,0.0,GEN
2005,Bihar,Gaighatti,61.0,Maheshwar Prasad,Male,Rashtriya Janata Dal,RJD,0.0,34081.0,0.0,0.0,GEN
2005,Bihar,Gaya Muffasil,231.0,Awadhesh Kumar Singh,Male,Independent,IND,0.0,57403.0,0.0,0.0,GEN
2005,Bihar,Gaya Town,232.0,Prem Kumar,Male,Bharatiya Janata Party,BJP,0.0,48099.0,0.0,0.0,GEN
2005,Bihar,Ghorasahan,15.0,Laxmi Narayan Prasad,Male,Rashtriya Janata Dal,RJD,0.0,30951.0,0.0,0.0,GEN
2005,Bihar,Gobindganj,20.0,Meena Devi,Female,Janata Dal (United),JDU,0.0,35743.0,0.0,0.0,GEN
2005,Bihar,Gopalganj,24.0,Shubash Singh,Male,Bharatiya Janata Party,BJP,0.0,39205.0,0.0,0.0,GEN
2005,Bihar,Gopalpur,151.0,Amit Rana,Male,Rashtriya Janata Dal,RJD,0.0,54338.0,0.0,0.0,GEN
2005,Bihar,Goreakothi,28.0,Indradeo Prasad,Male,Rashtriya Janata Dal,RJD,0.0,36972.0,0.0,0.0,GEN
2005,Bihar,Harlakhi,75.0,Ram Naresh Pandey,Male,Communist Party of India,CPI,0.0,38825.0,0.0,0.0,GEN
2005,Bihar,Harnaut,182.0,Sunil Kumar,Male,Janata Dal (United),JDU,0.0,45909.0,0.0,0.0,GEN
2005,Bihar,Harsidhi,19.0,Awadhesh Prasad,Male,Lok Jan Shakti Party,LJP,0.0,36755.0,0.0,0.0,GEN
2005,Bihar,Hasanpur,102.0,Sunil Kumar Pushpam,Male,Rashtriya Janata Dal,RJD,0.0,31553.0,0.0,0.0,GEN
2005,Bihar,Hilsa,180.0,Ramcharitra Prasad,Male,Janata Dal (United),JDU,0.0,41371.0,0.0,0.0,GEN
2005,Bihar,Hisua,243.0,Anil Singh,Male,Bharatiya Janata Party,BJP,0.0,43276.0,0.0,0.0,GEN
2005,Bihar,Imamganj,233.0,Uday Narayan,Male,Janata Dal (United),JDU,0.0,30665.0,0.0,0.0,SC
2005,Bihar,Islampur,179.0,Ramswaroop Prasad,Male,Janata Dal (United),JDU,0.0,46510.0,0.0,0.0,GEN
2005,Bihar,Jagdishpur,204.0,Sri Bhagwan Singh,Male,Janata Dal (United),JDU,0.0,41992.0,0.0,0.0,GEN
2005,Bihar,Jalalpur,40.0,Janardan Singh Sigriwal,Male,Bharatiya Janata Party,BJP,0.0,45468.0,0.0,0.0,GEN
2005,Bihar,Jale,91.0,Ram Niwas Pd.,Male,Rashtriya Janata Dal,RJD,0.0,30422.0,0.0,0.0,GEN
2005,Bihar,Jamalpur,168.0,Shailesh Kumar,Male,Janata Dal (United),JDU,0.0,52682.0,0.0,0.0,GEN
2005,Bihar,Jandaha,48.0,Achidanand Singh Alin,Male,Lok Jan Shakti Party,LJP,0.0,39993.0,0.0,0.0,GEN
2005,Bihar,Jhajha,160.0,Damodar Rawat,Male,Janata Dal (United),JDU,0.0,37789.0,0.0,0.0,GEN
2005,Bihar,Jhanjharpur,80.0,Nitish Mishra,Male,Janata Dal (United),JDU,0.0,41004.0,0.0,0.0,GEN
2005,Bihar,Kadwa,143.0,Abdul Jalil,Male,Nationalist Congress Party,NCP,0.0,46221.0,0.0,0.0,GEN
2005,Bihar,Kalyanpur,93.0,Ashwamedh Devi,Female,Janata Dal (United),JDU,0.0,47220.0,0.0,0.0,GEN
2005,Bihar,Kanti,56.0,Ajit Kumar,Male,Lok Jan Shakti Party,LJP,0.0,38987.0,0.0,0.0,GEN
2005,Bihar,Karakat,207.0,Arun Singh,Male,Communist Party of India (Marxist-Leninist) (Liberation),CPI(ML)(L),0.0,36721.0,0.0,0.0,GEN
2005,Bihar,Kasba,138.0,Pradip Kumar Das,Male,Bharatiya Janata Party,BJP,0.0,49113.0,0.0,0.0,GEN
2005,Bihar,Kateya,21.0,Amrendra Kumar,Male,Bahujan Samaj Party,BSP,0.0,49087.0,0.0,0.0,GEN
2005,Bihar,Katihar,142.0,Tar Kishor Prasad,Male,Bharatiya Janata Party,BJP,0.0,47777.0,0.0,0.0,GEN
2005,Bihar,Katoria,158.0,Raj Kishor Prasad Urf,Male,Rashtriya Janata Dal,RJD,0.0,38724.0,0.0,0.0,GEN
2005,Bihar,Keoti,90.0,Ashok Kumar Yadav,Male,Bharatiya Janata Party,BJP,0.0,41817.0,0.0,0.0,GEN
2005,Bihar,Kesaria,18.0,Rajesh Kumar Raushan,Male,Rashtriya Janata Dal,RJD,0.0,31090.0,0.0,0.0,GEN
2005,Bihar,Khajauli,76.0,Ram Prit Paswan,Male,Bharatiya Janata Party,BJP,0.0,37827.0,0.0,0.0,SC
2005,Bihar,Kishanganj,135.0,Akhatarul Iman,Male,Rashtriya Janata Dal,RJD,0.0,47693.0,0.0,0.0,GEN
2005,Bihar,Kishanpur,111.0,Aniruddha Prasad,Male,Janata Dal (United),JDU,0.0,52668.0,0.0,0.0,GEN
2005,Bihar,Konch,230.0,Dr. Anil Kumar,Male,Lok Jan Shakti Party,LJP,0.0,39052.0,0.0,0.0,GEN
2005,Bihar,Kumarkhand,115.0,Ramesh Rishidev,Male,Janata Dal (United),JDU,0.0,32198.0,0.0,0.0,SC
2005,Bihar,Kurhani,57.0,Manoj Kumar Singh,Male,Janata Dal (United),JDU,0.0,43714.0,0.0,0.0,GEN
2005,Bihar,Lakhisarai,172.0,Phulena Singh,Male,Rashtriya Janata Dal,RJD,0.0,41448.0,0.0,0.0,GEN
2005,Bihar,Laukaha,82.0,Hari Prasad Sah,Male,Janata Dal (United),JDU,0.0,35737.0,0.0,0.0,GEN
2005,Bihar,Madhepur,83.0,Jagat Narayan Singh,Male,Rashtriya Janata Dal,RJD,0.0,31544.0,0.0,0.0,GEN
2005,Bihar,Madhepura,120.0,Manindra Kumar,Male,Janata Dal (United),JDU,0.0,34582.0,0.0,0.0,GEN
2005,Bihar,Madhuban,16.0,Shivjee Rai,Male,Janata Dal (United),JDU,0.0,47990.0,0.0,0.0,GEN
2005,Bihar,Maharajganj,33.0,Damodar Singh,Male,Janata Dal (United),JDU,0.0,43799.0,0.0,0.0,GEN
2005,Bihar,Mairwa,30.0,Ramayan Manjhi,Male,Bharatiya Janata Party,BJP,0.0,30148.0,0.0,0.0,SC
2005,Bihar,Makhdumpur,226.0,Ramashray Prasad,Male,Lok Jan Shakti Party,LJP,0.0,44050.0,0.0,0.0,GEN
2005,Bihar,Manigachhi,84.0,Lalit Kumar Yadav,Male,Rashtriya Janata Dal,RJD,0.0,32553.0,0.0,0.0,GEN
2005,Bihar,Manihari,146.0,Mubarak Hussain,Male,Indian National Congress,INC,0.0,27822.0,0.0,0.0,GEN
2005,Bihar,Manjhi,35.0,Gautam Singh,Male,Janata Dal (United),JDU,0.0,38002.0,0.0,0.0,GEN
2005,Bihar,Masaurhi,187.0,Punam Devi,Female,Janata Dal (United),JDU,0.0,41314.0,0.0,0.0,GEN
2005,Bihar,Masrakh,37.0,Kedar Nath Singh,Male,Janata Dal (United),JDU,0.0,33694.0,0.0,0.0,GEN
2005,Bihar,Minapur,63.0,Dinesh Prasad,Male,Janata Dal (United),JDU,0.0,40070.0,0.0,0.0,GEN
2005,Bihar,Mirganj,23.0,Ramsewak Singh,Male,Janata Dal (United),JDU,0.0,30748.0,0.0,0.0,GEN
2005,Bihar,Mohania,211.0,Chhedi Paswan,Male,Janata Dal (United),JDU,0.0,49487.0,0.0,0.0,SC
2005,Bihar,Mohiuddin Nagar,97.0,Ajay Kumar Bulganin,Male,Lok Jan Shakti Party,LJP,0.0,53872.0,0.0,0.0,GEN
2005,Bihar,Mokamah,183.0,Anant Kumar Singh,Male,Janata Dal (United),JDU,0.0,35877.0,0.0,0.0,GEN
2005,Bihar,Monghyr,167.0,Dr. Monazir Hassan,Male,Janata Dal (United),JDU,0.0,63222.0,0.0,0.0,GEN
2005,Bihar,Muzaffarpur,59.0,Vijendra Choudhary,Male,Independent,IND,0.0,59410.0,0.0,0.0,GEN
2005,Bihar,Nabinagar,218.0,Bhim Kumar Singh,Male,Rashtriya Janata Dal,RJD,0.0,46136.0,0.0,0.0,GEN
2005,Bihar,Nalanda,178.0,Shrawon Kumar,Male,Janata Dal (United),JDU,0.0,37806.0,0.0,0.0,GEN
2005,Bihar,Narpatganj,128.0,Janardan Yadav,Male,Bharatiya Janata Party,BJP,0.0,36329.0,0.0,0.0,GEN
2005,Bihar,Nathnagar,149.0,Sudha Shrivastav,Female,Janata Dal (United),JDU,0.0,45646.0,0.0,0.0,GEN
2005,Bihar,Nautan,9.0,Baidhanath Prasad,Male,Janata Dal (United),JDU,0.0,35497.0,0.0,0.0,GEN
2005,Bihar,Nokha,216.0,Rameshwar Prasad,Male,Bharatiya Janata Party,BJP,0.0,45653.0,0.0,0.0,GEN
2005,Bihar,Pandaul,79.0,Vinod Narayan Jha,Male,Bharatiya Janata Party,BJP,0.0,33552.0,0.0,0.0,GEN
2005,Bihar,Parbatta,163.0,Ramanand Prasad Singh,Male,Janata Dal (United),JDU,0.0,47932.0,0.0,0.0,GEN
2005,Bihar,Parsa,43.0,Chhote Lal Rai,Male,Janata Dal (United),JDU,0.0,41284.0,0.0,0.0,GEN
2005,Bihar,Paru,53.0,Ashok Kumar Singh,Male,Bharatiya Janata Party,BJP,0.0,43569.0,0.0,0.0,GEN
2005,Bihar,Patepur,49.0,Mahendra Baitha,Male,Lok Jan Shakti Party,LJP,0.0,35217.0,0.0,0.0,SC
2005,Bihar,Patna East,190.0,Nand Kishore Yadav,Male,Bharatiya Janata Party,BJP,0.0,70148.0,0.0,0.0,GEN
2005,Bihar,Phulparas,81.0,Deo Nath Yadav,Male,Samajwadi Party,SP,0.0,41299.0,0.0,0.0,GEN
2005,Bihar,Pipra,17.0,Krishnanandan Paswan,Male,Bharatiya Janata Party,BJP,0.0,43239.0,0.0,0.0,SC
2005,Bihar,Piro,205.0,Narendra Kumar,Male,Janata Dal (United),JDU,0.0,54767.0,0.0,0.0,GEN
2005,Bihar,Pirpainti,147.0,Shobha Kant Mandal,Male,Rashtriya Janata Dal,RJD,0.0,31046.0,0.0,0.0,GEN
2005,Bihar,Pranpur,145.0,Mahendra Narayan,Male,Rashtriya Janata Dal,RJD,0.0,38772.0,0.0,0.0,GEN
2005,Bihar,Pupri,72.0,Shahid Ali Khan,Male,Janata Dal (United),JDU,0.0,38301.0,0.0,0.0,GEN
2005,Bihar,Purnea,139.0,Raj Kishore Keshri,Male,Bharatiya Janata Party,BJP,0.0,46841.0,0.0,0.0,GEN
2005,Bihar,Rafiganj,221.0,Md. Nehaluddin,Male,Rashtriya Janata Dal,RJD,0.0,40277.0,0.0,0.0,GEN
2005,Bihar,Raghopur,46.0,Rabri Devi,Male,Rashtriya Janata Dal,RJD,0.0,48680.0,0.0,0.0,GEN
2005,Bihar,Raghunathpur,34.0,Jagmato Devi,Female,Janata Dal (United),JDU,0.0,39917.0,0.0,0.0,GEN
2005,Bihar,Rajauli,240.0,Banwari Ram,Male,Bharatiya Janata Party,BJP,0.0,45699.0,0.0,0.0,SC
2005,Bihar,Rajgir,177.0,Satyadeo Narain Arya,Male,Bharatiya Janata Party,BJP,0.0,36344.0,0.0,0.0,SC
2005,Bihar,Rajpur,202.0,Shyam Payari Devi,Female,Janata Dal (United),JDU,0.0,32137.0,0.0,0.0,SC
2005,Bihar,Ramnagar,3.0,Chandra Mohan Rai,Male,Bharatiya Janata Party,BJP,0.0,39147.0,0.0,0.0,GEN
2005,Bihar,Raniganj,127.0,Ramji Das Rishidev,Male,Bharatiya Janata Party,BJP,0.0,34796.0,0.0,0.0,SC
2005,Bihar,Raxaul,10.0,Dr. Ajay Kumar Singh,Male,Bharatiya Janata Party,BJP,0.0,38448.0,0.0,0.0,GEN
2005,Bihar,Rosera,100.0,Gajendra Prasad Singh,Male,Rashtriya Janata Dal,RJD,0.0,45906.0,0.0,0.0,GEN
2005,Bihar,Runisaidpur,64.0,Gudi Devi,Female,Janata Dal (United),JDU,0.0,43402.0,0.0,0.0,GEN
2005,Bihar,Rupauli,124.0,Bima Bharti,Female,Rashtriya Janata Dal,RJD,0.0,28681.0,0.0,0.0,GEN
2005,Bihar,Saharsa,117.0,Sanjiv Kumar Jha,Male,Bharatiya Janata Party,BJP,0.0,43638.0,0.0,0.0,GEN
2005,Bihar,Sahebganj,54.0,Raju Kumar Singh,Male,Janata Dal (United),JDU,0.0,47591.0,0.0,0.0,GEN
2005,Bihar,Sakra,58.0,Bilat Paswan,Male,Janata Dal (United),JDU,0.0,37685.0,0.0,0.0,SC
2005,Bihar,Samastipur,95.0,Ram Nath Thakur,Male,Janata Dal (United),JDU,0.0,53202.0,0.0,0.0,GEN
2005,Bihar,Sandesh,196.0,Vijendra Kumar Yadav,Male,Rashtriya Janata Dal,RJD,0.0,40387.0,0.0,0.0,GEN
2005,Bihar,Sarairanjan,96.0,Ram Chandra Singh,Male,Rashtriya Janata Dal,RJD,0.0,38226.0,0.0,0.0,GEN
2005,Bihar,Sasaram,214.0,Jawahar Prasad,Male,Bharatiya Janata Party,BJP,0.0,53904.0,0.0,0.0,GEN
2005,Bihar,Sheohar,66.0,Ajit Kumar Jha,Male,Rashtriya Janata Dal,RJD,0.0,31331.0,0.0,0.0,GEN
2005,Bihar,Shikarpur,4.0,Bhagirathi Devi,Female,Bharatiya Janata Party,BJP,0.0,35147.0,0.0,0.0,SC
2005,Bihar,Sikta,5.0,Khurshed Alias Firoz,Male,Indian National Congress,INC,0.0,35811.0,0.0,0.0,GEN
2005,Bihar,Sikti,131.0,Murli Dhar Mandal,Male,Janata Dal (United),JDU,0.0,47758.0,0.0,0.0,GEN
2005,Bihar,Singheshwar,116.0,Rameshwar Prasad,Male,Janata Dal (United),JDU,0.0,35006.0,0.0,0.0,GEN
2005,Bihar,Singhia,101.0,Dr. Ashok Kumar,Male,Indian National Congress,INC,0.0,35514.0,0.0,0.0,SC
2005,Bihar,Siwan,29.0,Byasdeo Prasad,Male,Bharatiya Janata Party,BJP,0.0,42756.0,0.0,0.0,GEN
2005,Bihar,Sonabarsa,121.0,Kishor Kumar,Male,Independent,IND,0.0,50117.0,0.0,0.0,GEN
2005,Bihar,Sugauli,11.0,Ramchandra Sahni,Male,Bharatiya Janata Party,BJP,0.0,35869.0,0.0,0.0,GEN
2005,Bihar,Sultanganj,153.0,Sudhanshu Shekhar,Male,Janata Dal (United),JDU,0.0,50827.0,0.0,0.0,SC
2005,Bihar,Supaul,112.0,Bijendra Prasad Yadav,Male,Janata Dal (United),JDU,0.0,48457.0,0.0,0.0,GEN
2005,Bihar,Surajgarha,169.0,Prem Ranjan Patel,Male,Bharatiya Janata Party,BJP,0.0,39703.0,0.0,0.0,GEN
2005,Bihar,Sursand,71.0,Jai Nandan Prasad,Male,Rashtriya Janata Dal,RJD,0.0,33233.0,0.0,0.0,GEN
2005,Bihar,Taraiya,38.0,Ram Das Roy,Male,Rashtriya Janata Dal,RJD,0.0,29615.0,0.0,0.0,GEN
2005,Bihar,Tarapur,161.0,Shakuni Choudhary,Male,Rashtriya Janata Dal,RJD,0.0,34643.0,0.0,0.0,GEN
2005,Bihar,Thakurganj,134.0,Gopal Kumar Agarwal,Male,Samajwadi Party,SP,0.0,38592.0,0.0,0.0,GEN
2005,Bihar,Tribeniganj,113.0,Vishwa Mohan Kumar,Male,Lok Jan Shakti Party,LJP,0.0,38606.0,0.0,0.0,GEN
2005,Bihar,Vaishali,52.0,Brishin Patel,Male,Janata Dal (United),JDU,0.0,38041.0,0.0,0.0,GEN
2005,Bihar,Warisnagar,94.0,Maheshwar Hajari,Male,Lok Jan Shakti Party,LJP,0.0,38147.0,0.0,0.0,SC
2005,Bihar,Warsaliganj,242.0,Aruna Devi,Female,Lok Jan Shakti Party,LJP,0.0,60999.0,0.0,0.0,GEN
2005,Bihar,Ziradei,32.0,Shyam Bahadur Singh,Male,Janata Dal (United),JDU,0.0,42267.0,0.0,0.0,GEN
2005,Dadra & Nagar Haveli And Daman & Diu,Daman & Diu,0.0,Lalubhai Patel,Male,Bharatiya Janata Party,BJP,0.0,0.0,0.0,0.0,OTH
2005,Goa,Curchorem,37.0,Ramkrishna Dhavalikar,Male,Maharashtrawadi Gomantak Party,Lion,23145.0,11526.0,49.8,0.0,OTH
2005,Goa,Margao,31.0,Digambar Kamat,Male,Indian National Congress,INC,24508.0,13136.0,53.6,0.0,OTH
2005,Goa,Taleigao,12.0,Atanasio Monserrate,Male,Indian National Congress,INC,22104.0,12864.0,58.2,0.0,OTH
2005,Haryana,Ellenabad,0.0,Om Prakash Chautala,Male,Indian National Lok Dal,INLD,0.0,0.0,0.0,0.0,OTH
2005,Jharkhand,Simaria,26.0,Ramchandra Ram - 'e',Male,Communist Party of India,CPI,243085.0,116689.0,48.0,0.0,OTH
2005,Karnataka,Shimoga,0.0,B.S. Yediyurappa,Male,Bharatiya Janata Party,BJP,0.0,0.0,0.0,0.0,OTH
2005,Maharashtra,Latur,0.0,Vilasrao Deshmukh,Male,Indian National Congress,INC,0.0,0.0,0.0,0.0,OTH
2005,Punjab,Ludhiana,0.0,Manish Tewari,Male,Indian National Congress,INC,0.0,0.0,0.0,0.0,OTH
2005,Rajasthan,Bhilwara,18.0,Shiv,Male,Independent,IND,1892345.0,1192345.0,0.0,0.0,GEN
2005,Rajasthan,Nim Ka Thana,88.0,Kailash Singh,Male,Independent,IND,256789.0,159234.0,0.0,0.0,GEN
2005,Uttar Pradesh,Balrampur,0.0,Saiyad Shahnawaz Husain,Male,Bharatiya Janata Party,BJP,0.0,0.0,0.0,0.0,OTH
2005,Uttarakhand,Laksar,0.0,Kunwar Pranav Singh Champion,Male,Indian National Congress,INC,0.0,0.0,0.0,0.0,OTH
2005,West Bengal,Balurghat,0.0,Ramprosad Sarkar,Male,Communist Party of India (Marxist),CPM,0.0,0.0,0.0,0.0,OTH
2006,Andhra Pradesh,Bobbili,3.0,Jhansi Lakshmi Botcha,Female,Indian National Congress,INC,1015497.0,703400.0,47.52,0.0,OTH
2006,Andhra Pradesh,Karimnagar,37.0,K. Chandra Shakher Rao,Male,Bharat Rashtra Samithi,BRS,1419685.0,793932.0,47.61,0.0,OTH
2006,Andhra Pradesh,Visakhapatnam-I,24.0,Dronamraju Satyanarayana,Male,Indian National Congress,INC,132586.0,58882.0,59.21,0.0,OTH
2006,Bihar,Bhagalpur,59.0,Syed Shahnawaz Husain,Male,Bharatiya Janata Party,BJP,345000.0,195960.0,56.8,0.0,OTH
2006,Bihar,Patna West,58.0,Nitin Navin,Male,Bharatiya Janata Party,BJP,320000.0,173760.0,54.3,0.0,OTH
2006,Jammu & Kashmir,BHADERWAH,54.0,SH. GHULAM NABI AZAD,Male,Independent,IND,91159.0,66129.0,87.73,0.0,OTH
2006,Jammu & Kashmir,PATTAN,15.0,SHEIKH MUSTAFA KAMAL,Male,Jammu & Kashmir National Conference,JKNC,76356.0,52663.0,5.25,0.0,OTH
2006,Jammu & Kashmir,RAFIABAD,7.0,Mohd. Dilawar Mir,Male,Jammu & Kashmir Peoples Democratic Party,INK POT & PEN,67026.0,50621.0,17.11,0.0,OTH
2006,Jammu & Kashmir,SANGRAMA,12.0,SHUIB NABI,Male,Independent,IND,55461.0,35110.0,17.99,0.0,OTH
2006,Madhya Pradesh,VIDISHA,20.0,RAMPAL SINGH,Male,Bharatiya Janata Party,BJP,1315386.0,627219.0,13.57,0.0,OTH
2006,Meghalaya,Tura,2.0,P. A. Sangma,Male,Nationalist Congress Party,NCP,432124.0,303783.0,70.3,0.0,OTH
2006,Odisha,Jharsuguda,0.0,Naba Kishore Das,Male,Indian National Congress,INC,0.0,0.0,0.0,0.0,OTH
2006,Punjab,Moga,0.0,Joginder Singh Mann,Male,Indian National Congress,INC,0.0,0.0,0.0,0.0,OTH
2006,Rajasthan,Kishangarh,67.0,Vijay Singh,Male,Independent,IND,278912.0,172345.0,0.0,0.0,GEN
2006,Rajasthan,Tonk-Sawai Madhopur,17.0,Namo,Male,Independent,IND,1923456.0,1212345.0,0.0,0.0,GEN
2006,Tamil Nadu,Pennagaram,0.0,K. Annadurai,Male,Dravida Munnetra Kazhagam,DMK,0.0,0.0,0.0,0.0,OTH
2006,Uttar Pradesh,Mohanlalganj,0.0,Kali Charan,Male,Bahujan Samaj Party,BSP,0.0,0.0,0.0,0.0,OTH
2006,West Bengal,Singur,0.0,Rabindranath Bhattacharya,Male,Communist Party of India (Marxist),CPM,0.0,0.0,0.0,0.0,OTH
2007,Gujarat,Porbandar,0.0,Babubhai Bokhiria,Male,Bharatiya Janata Party,BJP,0.0,0.0,0.0,0.0,OTH
2007,Himachal Pradesh,Solan,0.0,Col. Dhani Ram Shandil,Male,Indian National Congress,INC,0.0,0.0,0.0,0.0,OTH
2007,Jammu & Kashmir,POONCH(HAVELI),87.0,Jahangir Hussain (E),Male,Indian National Congress,INC,97024.0,66468.0,6.62,0.0,OTH
2007,Karnataka,Shiggaon,0.0,Basavaraj Bommai,Male,Bharatiya Janata Party,BJP,0.0,0.0,0.0,0.0,OTH
2007,Kerala,Pala,0.0,Jose K. Mani,Male,Kerala Congress,KERAL,0.0,0.0,0.0,0.0,OTH
2007,Madhya Pradesh,GWALIOR,3.0,YashodharaÂ  Raje Scindhia,Female,Bharatiya Janata Party,BJP,1378757.0,570609.0,6.39,0.0,OTH
2007,Madhya Pradesh,SIDDHI,10.0,Shri Manik Singh,Male,Indian National Congress,INC,1091008.0,601976.0,26.35,0.0,OTH
2007,Rajasthan,Badi,189.0,Babu Lal,Male,Independent,IND,234567.0,145678.0,0.0,0.0,ST
2007,Rajasthan,Banswara,24.0,Dharmendra,Male,Independent,IND,1856234.0,1178234.0,0.0,0.0,ST
2007,Uttar Pradesh,Phoolpur,0.0,Atiq Ahmad,Male,Independent,IND,0.0,0.0,0.0,0.0,OTH
2007,West Bengal,Nandigram,0.0,Firoza Bibi,Female,Communist Party of India (Marxist),CPM,0.0,0.0,0.0,0.0,OTH
2008,Andhra Pradesh,Adilabad,35.0,Allola Indrakaran Reddy,Male,Indian National Congress,INC,1154367.0,811465.0,34.12,0.0,OTH
2008,Andhra Pradesh,Alair,0.0,Dr. Kududula Nagesh,Male,Bharat Rashtra Samithi,BRS,163195.0,116810.0,39.27,0.0,OTH
2008,Andhra Pradesh,Cheriyal,0.0,Pratap Reddy Kommuri,Male,Bharat Rashtra Samithi,BRS,149495.0,96133.0,47.1,0.0,OTH
2008,Andhra Pradesh,Dichpalli,0.0,Akula Lalitha,Female,Indian National Congress,INC,152024.0,106795.0,37.22,0.0,OTH
2008,Andhra Pradesh,Dommat,0.0,Solipeta Ramlinga Reddy,Male,Bharat Rashtra Samithi,BRS,147107.0,106820.0,39.64,0.0,OTH
2008,Andhra Pradesh,Ghanpur,0.0,Kadiyam Sri Hari,Male,Telugu Desam Party,TDP,159817.0,110894.0,35.76,0.0,OTH
2008,Andhra Pradesh,Hanamkonda,38.0,Boianapalli Vinod Kumar,Male,Bharat Rashtra Samithi,BRS,1256358.0,767414.0,41.09,0.0,OTH
2008,Andhra Pradesh,Huzurabad,0.0,Capt. V. L. Kantha Rao,Male,Bharat Rashtra Samithi,BRS,188123.0,119752.0,44.72,0.0,OTH
2008,Andhra Pradesh,Jadcherla,0.0,Dr. Mallu Ravi,Male,Indian National Congress,INC,180894.0,120678.0,37.43,0.0,OTH
2008,Andhra Pradesh,Kamalapur,0.0,Etala Rajender,Male,Bharat Rashtra Samithi,BRS,187708.0,121455.0,44.53,0.0,OTH
2008,Andhra Pradesh,Karimnagar,37.0,K. Chandra Shekhar Rao,Male,Bharat Rashtra Samithi,BRS,1452946.0,735241.0,36.66,0.0,OTH
2008,Andhra Pradesh,Khairatabad,0.0,P. Vishnuvardhan Reddy,Male,Indian National Congress,INC,1049850.0,380145.0,66.99,0.0,OTH
2008,Andhra Pradesh,Khanapur,0.0,Suman Ramesh Rathod,Female,Telugu Desam Party,TDP,159421.0,108064.0,37.19,0.0,OTH
2008,Andhra Pradesh,Musheerabad,0.0,T. Manemma,Female,Indian National Congress,INC,222999.0,111442.0,31.22,0.0,OTH
2008,Andhra Pradesh,Myadaram,0.0,Koppula Eshwar,Male,Bharat Rashtra Samithi,BRS,288461.0,136208.0,45.6,0.0,OTH
2008,Andhra Pradesh,Secunderabad,0.0,Talasani Srinivas Yadav,Male,Telugu Desam Party,TDP,208181.0,120487.0,41.52,0.0,OTH
2008,Andhra Pradesh,Siddipet,0.0,Tanneru Harish Rao,Male,Bharat Rashtra Samithi,BRS,179272.0,113405.0,67.25,0.0,OTH
2008,Andhra Pradesh,Therlam,12.0,Thentu Lakshmu Naidu,Male,Telugu Desam Party,TDP,139040.0,75094.0,74.39,0.0,OTH
2008,Andhra Pradesh,Vikarabad,0.0,G. Prasad Kumar,Male,Indian National Congress,INC,184735.0,125601.0,53.99,0.0,OTH
2008,Andhra Pradesh,Warangal,39.0,Errabelli Dayakar Rao,Male,Telugu Desam Party,TDP,1247939.0,843499.0,34.06,0.0,OTH
2008,Andhra Pradesh,Yellareddy,0.0,Janardhan Goud B.,Male,Indian National Congress,INC,165676.0,119555.0,39.17,0.0,OTH
2008,Delhi,Rajouri Garden,2.0,Dayanand Chandila,Male,Indian National Congress,INC,145000.0,70905.0,48.9,0.0,OTH
2008,Haryana,Jhajjar,0.0,Rao Inderjit Singh,Male,Indian National Congress,INC,0.0,0.0,0.0,0.0,OTH
2008,Madhya Pradesh,BETUL,17.0,Khandelwal Hemant Vijay Kumar,Male,Bharatiya Janata Party,BJP,1090804.0,656049.0,5.4,0.0,OTH
2008,Madhya Pradesh,KHARGON,24.0,Arun Suchash Chandra Yadav,Male,Indian National Congress,INC,1291829.0,768668.0,15.43,0.0,OTH
2008,Meghalaya,Tura,2.0,Agatha Sangma,Female,Nationalist Congress Party,NCP,482142.0,217446.0,45.1,0.0,OTH
2008,Rajasthan,Bagru,158.0,Gopal Singh,Male,Independent,IND,295678.0,181234.0,0.0,0.0,GEN
2008,Rajasthan,Jalore,22.0,Buta Singh,Male,Independent,IND,1789234.0,1123456.0,0.0,0.0,SC
2008,Uttar Pradesh,Noorpur,0.0,Chaudhary Sukhram,Male,Bahujan Samaj Party,BSP,0.0,0.0,0.0,0.0,OTH
2008,Uttarakhand,Nainital,0.0,K.C. Singh Baba,Male,Bharatiya Janata Party,BJP,0.0,0.0,0.0,0.0,OTH
2008,West Bengal,Jangipur,0.0,Abhijit Mukherjee,Male,Indian National Congress,INC,0.0,0.0,0.0,0.0,OTH
2009,Andaman & Nicobar Islands,Andaman & Nicobar,0.0,Bishnu Pada Ray,Male,Indian National Congress,INC,0.0,0.0,0.0,0.0,OTH
2009,Andhra Pradesh,Pulivendla,0.0,Y. S. Vijayamma,Female,Indian National Congress,INC,0.0,0.0,100.0,0.0,OTH
2009,Andhra Pradesh,Tekkali,122.0,Korla Bharathi,Female,Indian National Congress,INC,179606.0,133041.0,44.54,0.0,OTH
2009,Arunachal Pradesh,Daporijo,24.0,Tapen Siga,Male,Bharatiya Janata Party,BJP,17152.0,12764.0,74.4,0.0,OTH
2009,Arunachal Pradesh,Dirang,4.0,Phurpa Tsering,Male,People's Party of Arunachal,Maize,13760.0,11703.0,85.1,0.0,OTH
2009,Arunachal Pradesh,Hayuliang,45.0,Kalikho Pul,Male,Indian National Congress,INC,11105.0,9600.0,88.5,0.0,OTH
2009,Arunachal Pradesh,Lumla,1.0,Jambey Tashi,Male,Indian National Congress,INC,8022.0,0.0,0.0,0.0,OTH
2009,Arunachal Pradesh,Mukto,3.0,Dorjee Khandu,Male,Indian National Congress,INC,6916.0,0.0,0.0,0.0,OTH
2009,Arunachal Pradesh,Namsang,54.0,Wangki Lowang,Male,Indian National Congress,INC,8420.0,6734.0,63.7,0.0,OTH
2009,Arunachal Pradesh,Roing,43.0,Laeta Umbrey,Male,All India Trinamool Congress,AITC,10420.0,8341.0,63.8,0.0,OTH
2009,Arunachal Pradesh,Sagalee,15.0,Nabam Tuki,Male,Indian National Congress,INC,12005.0,9600.0,80.0,0.0,OTH
2009,Arunachal Pradesh,Tawang,2.0,Tsewang Dhondup,Male,Indian National Congress,INC,9812.0,0.0,0.0,0.0,OTH
2009,Assam,Mangaldai,0.0,Ramen Deka,Male,Bharatiya Janata Party,BJP,0.0,0.0,0.0,0.0,OTH
2009,Bihar,Araria,6.0,Vijay Kumar Mandal,Male,Lok Jan Shakti Party,LJP,270000.0,138780.0,51.4,0.0,OTH
2009,Bihar,Aurai,1.0,Surendra Kumar Yadav,Male,Rashtriya Janata Dal,RJD,245000.0,128135.0,52.3,0.0,OTH
2009,Bihar,Bagaha,2.0,Raghvendra Kumar Singh,Male,Janata Dal (United),JDU,280000.0,136080.0,48.6,0.0,OTH
2009,Bihar,Bodh Gaya,11.0,Kumar Sarvjeet,Male,Lok Jan Shakti Party,LJP,255000.0,120105.0,47.1,0.0,OTH
2009,Bihar,Chainpur,7.0,Brij Kishor Vind,Male,Bharatiya Janata Party,BJP,250000.0,116250.0,46.5,0.0,OTH
2009,Bihar,Chenari,8.0,Murari Prasad Gautam,Male,Indian National Congress,INC,240000.0,117360.0,48.9,0.0,OTH
2009,Bihar,Maharajganj,2.0,Uma Shankar Singh,Male,Rashtriya Janata Dal,RJD,1312000.0,639144.0,48.7,0.0,OTH
2009,Bihar,Phulwari Sharif,10.0,Ramprit Mandal,Male,Janata Dal (United),JDU,310000.0,164920.0,53.2,0.0,OTH
2009,Bihar,Ramgarh,9.0,Ambika Singh,Male,Rashtriya Janata Dal,RJD,265000.0,134620.0,50.8,0.0,OTH
2009,Bihar,Simri Bakhtiarpur,5.0,Zafar Alam,Male,Rashtriya Janata Dal,RJD,220000.0,108240.0,49.2,0.0,OTH
2009,Bihar,Triveniganj,3.0,Pramod Kumar,Male,Janata Dal (United),JDU,260000.0,130260.0,50.1,0.0,OTH
2009,Bihar,Warisnagar,4.0,Viswanath Paswan,Male,Lok Jan Shakti Party,LJP,235000.0,112330.0,47.8,0.0,OTH
2009,Chhattisgarh,Bastar,10.0,Dinesh Kashyap,Male,Bharatiya Janata Party,BJP,1194657.0,604245.0,50.6,0.0,OTH
2009,Chhattisgarh,Sanjari Balod,59.0,Km. Madan Sahu,Not Available,Bharatiya Janata Party,BJP,169131.0,135494.0,80.1,0.0,OTH
2009,Gujarat,Talala,0.0,Bhavnaben Dave,Female,Bharatiya Janata Party,BJP,0.0,0.0,0.0,0.0,OTH
2009,Jammu & Kashmir,BHADERWAH,54.0,Md.  Sharief Niaz,Male,Indian National Congress,INC,94208.0,53200.0,5.16,0.0,OTH
2009,Jammu & Kashmir,HAZRATBAL,18.0,S. M. kamal,Male,Jammu & Kashmir National Conference,JKNC,87326.0,17372.0,8.93,0.0,OTH
2009,Jammu & Kashmir,SONWAR,24.0,Md.Yasin Shah,Male,Jammu & Kashmir National Conference,JKNC,69235.0,19677.0,25.41,0.0,OTH
2009,Jharkhand,Hatia,64.0,N. Jaiswal (E),Male,All Jharkhand Students Union Party,Banana,402578.0,152590.0,37.9,0.0,OTH
2009,Jharkhand,Jamshedpur,9.0,Ajay Kumar,Male,Jharkhand Vikas Morcha (Prajatantrik),Comb,1397897.0,740003.0,52.9,0.0,OTH
2009,Jharkhand,Kharawan,57.0,Arjun Munda,Male,Bharatiya Janata Party,BJP,154880.0,111671.0,72.1,0.0,OTH
2009,Jharkhand,Mandu,24.0,J.P.B. Patel,Male,Jharkhand Mukti Morcha,Bow & Arrow,298577.0,167504.0,56.1,0.0,OTH
2009,Mizoram,Tuikum,0.0,R. Lalzirliana,Male,Mizo National Front,MNF,0.0,0.0,0.0,0.0,OTH
2009,Odisha,Bijepur,0.0,Rita Sahu,Female,Biju Janata Dal,BJD,0.0,0.0,0.0,0.0,OTH
2009,Rajasthan,Salumber,164.0,Amrit Lal,Male,Independent,IND,256789.0,162345.0,0.0,0.0,ST
2009,Rajasthan,Sikar,7.0,Subhash,Male,Independent,IND,1876234.0,1192345.0,0.0,0.0,GEN
2009,Sikkim,Namchi Singithang,0.0,Pawan Kumar Chamling,Male,Sikkim Democratic Front,SDF,0.0,0.0,0.0,0.0,OTH
2009,Tamil Nadu,Thirumangalam,0.0,V. Panneerselvam,Male,Anna Dravida Munnetra Kazhagam,ADMK,0.0,0.0,0.0,0.0,OTH
2009,Uttar Pradesh,Firozabad,0.0,Raj Babbar,Male,Indian National Congress,INC,0.0,0.0,0.0,0.0,OTH
2009,West Bengal,Uluberia,0.0,Sultan Ahmed,Male,All India Trinamool Congress,AITC,0.0,0.0,0.0,0.0,OTH
2010,Andhra Pradesh,Chennur,2.0,Nallala Odelu,Male,Bharat Rashtra Samithi,BRS,149252.0,112300.0,60.45,0.0,OTH
2010,Andhra Pradesh,Dharmapuri,22.0,E. Koppula,Male,Bharat Rashtra Samithi,BRS,191950.0,127577.0,67.97,0.0,OTH
2010,Andhra Pradesh,Huzurabad,31.0,E. Rajender,Male,Bharat Rashtra Samithi,BRS,202359.0,138105.0,67.36,0.0,OTH
2010,Andhra Pradesh,Koratla,20.0,K. V. S. Rao,Male,Bharat Rashtra Samithi,BRS,193557.0,124453.0,64.68,0.0,OTH
2010,Andhra Pradesh,Mancherial,4.0,Aravind Reddy Gaddam,Male,Bharat Rashtra Samithi,BRS,202384.0,130251.0,73.17,0.0,OTH
2010,Andhra Pradesh,Nizamabad Urban,17.0,Endala Lakshmi Narayana,Male,Bharatiya Janata Party,BJP,267338.0,120822.0,53.12,0.0,OTH
2010,Andhra Pradesh,Siddipet,33.0,T. Harish Rao,Male,Bharat Rashtra Samithi,BRS,186329.0,132422.0,82.16,0.0,OTH
2010,Andhra Pradesh,Sircilla,29.0,K. T. Rama Rao,Male,Bharat Rashtra Samithi,BRS,211463.0,133039.0,66.05,0.0,OTH
2010,Andhra Pradesh,Sirpur,1.0,Kaveti Sammaiah,Male,Bharat Rashtra Samithi,BRS,155377.0,127084.0,44.27,0.0,OTH
2010,Andhra Pradesh,Vemulawada,28.0,Ramesh Chennamaneni,Male,Bharat Rashtra Samithi,BRS,184652.0,120987.0,65.42,0.0,OTH
2010,Andhra Pradesh,Warangal West,105.0,O. V. Bhaskar,Male,Bharat Rashtra Samithi,BRS,224209.0,118171.0,74.85,0.0,OTH
2010,Andhra Pradesh,Yellareddy,15.0,Eanugu Ravinder Reddy,Male,Bharat Rashtra Samithi,BRS,190358.0,138610.0,52.3,0.0,OTH
2010,Goa,Valpoi,19.0,Vishwajit Rane,Male,Indian National Congress,INC,23450.0,16977.0,72.4,0.0,OTH
2010,Haryana,Gurgaon,0.0,Umesh Aggarwal,Male,Indian National Congress,INC,0.0,0.0,0.0,0.0,OTH
2010,Kerala,Alathur,0.0,P.K. Biju,Male,Communist Party of India (Marxist),CPM,0.0,0.0,0.0,0.0,OTH
2010,Maharashtra,Daund,0.0,Rahul Kul,Male,Nationalist Congress Party,NCP,0.0,0.0,0.0,0.0,OTH
2010,Punjab,Jalandhar,0.0,Rajinder Beri,Male,Bharatiya Janata Party,BJP,0.0,0.0,0.0,0.0,OTH
2010,Rajasthan,Bikaner,2.0,Dharam Pal,Male,Independent,IND,1987234.0,1256789.0,0.0,0.0,GEN
2010,Rajasthan,Weir,176.0,Shanker Singh,Male,Independent,IND,287654.0,175678.0,0.0,0.0,GEN
2010,Uttar Pradesh,Azamgarh,0.0,Ramakant Yadav,Male,Bharatiya Janata Party,BJP,0.0,0.0,0.0,0.0,OTH
2010,West Bengal,Berhampore,0.0,Adhir Ranjan Chowdhury,Male,Indian National Congress,INC,0.0,0.0,0.0,0.0,OTH
2011,Andhra Pradesh,Banswada,14.0,Pocharam Srinivas Reddy,Male,Bharat Rashtra Samithi,BRS,159732.0,122871.0,67.75,0.0,OTH
2011,Andhra Pradesh,Kadapa,38.0,Y.S. JAGAN MOHAN REDDY,Male,Yuvajana Sramika Rythu Congress Party,Ceiling Fan,1329626.0,1030978.0,67.15,0.0,OTH
2011,Andhra Pradesh,Pulivendla,0.0,Y. S. Vijayamma,Female,Yuvajana Sramika Rythu Congress Party,CEILING FAN,189246.0,157098.0,70.09,0.0,OTH
2011,Arunachal Pradesh,Mukto (ST),3.0,Pema Khandu,Male,Indian National Congress,INC,6783.0,0.0,0.0,0.0,OTH
2011,Bihar,Daraunda,15.0,Kavita Singh,Female,Janata Dal (United),JDU,232000.0,114840.0,49.5,0.0,OTH
2011,Bihar,Laukaha,13.0,Satish Kumar Sah,Male,Janata Dal (United),JDU,248000.0,135408.0,54.6,0.0,OTH
2011,Bihar,Purnia,14.0,Kiran Keshri,Female,Bharatiya Janata Party,BJP,285000.0,148485.0,52.1,0.0,OTH
2011,Himachal Pradesh,Mandi,0.0,Virbhadra Singh,Male,Indian National Congress,INC,0.0,0.0,0.0,0.0,OTH
2011,Nagaland,Aonglenden,26.0,Toshipokba,Male,Naga People's Front,Rooster,12806.0,11210.0,55.89,0.0,OTH
2011,Odisha,Loisingha,0.0,Kalpataru Das,Male,Indian National Congress,INC,0.0,0.0,0.0,0.0,OTH
2011,Rajasthan,Jodhpur,10.0,Jaswant Singh,Male,Independent,IND,2012345.0,1292345.0,0.0,0.0,GEN
2011,Rajasthan,Sadulpur,38.0,Maneka,Female,Independent,IND,267890.0,165432.0,0.0,0.0,GEN
2011,Tamil Nadu,Srirangam,0.0,B. Valarmathi,Female,Anna Dravida Munnetra Kazhagam,ADMK,0.0,0.0,0.0,0.0,OTH
2011,Uttar Pradesh,Bareilly,0.0,Santosh Gangwar,Male,Bharatiya Janata Party,BJP,0.0,0.0,0.0,0.0,OTH
2011,West Bengal,Basirhat,0.0,Nusrat Jahan,Female,All India Trinamool Congress,AITC,0.0,0.0,0.0,0.0,OTH
2012,Goa,Cortalim,26.0,Alina Saldanha,Female,Bharatiya Janata Party,BJP,26132.0,0.0,100.0,0.0,OTH
2012,Karnataka,Mandya,0.0,C.S. Putturaju,Male,Janata Dal (Secular),JDS,0.0,0.0,0.0,0.0,OTH
2012,Kerala,Neyyattinkara,0.0,K. Sivadasan Nair,Male,Indian National Congress,INC,0.0,0.0,0.0,0.0,OTH
2012,Punjab,Moga,0.0,Joginderpal Jain,Male,Shiromani Akali Dal,SAD,0.0,0.0,0.0,0.0,OTH
2012,Rajasthan,Jaipur,12.0,Gajendra,Male,Independent,IND,2345678.0,1534567.0,0.0,0.0,GEN
2012,Rajasthan,Jhunjhunu,34.0,Brijendra Singh,Male,Independent,IND,301234.0,182345.0,0.0,0.0,GEN
2012,Tamil Nadu,Sankarankovil,0.0,A. Arunmozhithevan,Male,Anna Dravida Munnetra Kazhagam,ADMK,0.0,0.0,0.0,0.0,OTH
2012,Tripura,Nalchar,21.0,Tapan Chandra Das,Male,Communist Party of India (Marxist),CPM,25643.0,23982.0,93.45,0.0,OTH
2012,Uttar Pradesh,Mainpuri,0.0,Tej Pratap Singh Yadav,Male,Samajwadi Party,SP,0.0,0.0,0.0,0.0,OTH
2012,Uttarakhand,Dwarahat,0.0,Madan Bisht,Male,Indian National Congress,INC,0.0,0.0,0.0,0.0,OTH
2013,Bihar,Kalyanpur,16.0,Manju Kumari,Female,Janata Dal (United),JDU,256000.0,131072.0,51.2,0.0,OTH
2013,Bihar,Maharajganj,3.0,Prabhunath Singh,Male,Rashtriya Janata Dal,RJD,1450000.0,713400.0,49.2,0.0,OTH
2013,Delhi,Ghonda,3.0,Bharat Singh,Male,Bharatiya Janata Party,BJP,168000.0,91056.0,54.2,0.0,OTH
2013,Himachal Pradesh,Pachhad,0.0,Dayal Pyari,Female,Indian National Congress,INC,0.0,0.0,0.0,0.0,OTH
2013,Rajasthan,Jhunjhunu,6.0,Rajesh,Male,Independent,IND,1892345.0,1198234.0,0.0,0.0,GEN
2013,Rajasthan,Nasirabad,167.0,Babu Lal,Male,Independent,IND,289012.0,175678.0,0.0,0.0,GEN
2013,Uttar Pradesh,Maharajganj,0.0,Pankaj Chaudhary,Male,Bharatiya Janata Party,BJP,0.0,0.0,0.0,0.0,OTH
2013,West Bengal,Nalhati,0.0,Kanaia Lal Agarwal,Male,All India Trinamool Congress,AITC,0.0,0.0,0.0,0.0,OTH
2014,Andhra Pradesh,Allagadda,0.0,Bhuma Akhila Priya Reddy,Female,Yuvajana Sramika Rythu Congress Party,CEILING FAN,205624.0,0.0,100.0,0.0,OTH
2014,Andhra Pradesh,Nandigama,0.0,Tangirala Sowmya,Female,Telugu Desam Party,TDP,184511.0,140685.0,70.18,0.0,OTH
2014,Arunachal Pradesh,Dirang,4.0,Phurpa Tsering,Male,Indian National Congress,INC,13351.0,0.0,0.0,0.0,OTH
2014,Arunachal Pradesh,Doimukh,14.0,Nabam Rebia,Male,Indian National Congress,INC,23474.0,0.0,0.0,0.0,OTH
2014,Arunachal Pradesh,Kanubari (ST),58.0,Gabriel Denwang Wangsu,Male,Indian National Congress,INC,10406.0,0.0,54.62,0.0,OTH
2014,Arunachal Pradesh,Mukto,3.0,Pema Khandu,Male,Indian National Congress,INC,7120.0,0.0,0.0,0.0,OTH
2014,Arunachal Pradesh,Nacho,22.0,Tanga Byaling,Male,Indian National Congress,INC,10455.0,0.0,0.0,0.0,OTH
2014,Arunachal Pradesh,Pakke-Kessang,12.0,Kameng Dolo,Male,Indian National Congress,INC,6904.0,0.0,0.0,0.0,OTH
2014,Arunachal Pradesh,Palin,18.0,Takam Pario,Male,Indian National Congress,INC,13811.0,0.0,0.0,0.0,OTH
2014,Arunachal Pradesh,Sagalee,15.0,Nabam Tuki,Male,Indian National Congress,INC,12570.0,0.0,0.0,0.0,OTH
2014,Arunachal Pradesh,Seppa West,11.0,Mama Natung,Male,Indian National Congress,INC,6207.0,0.0,0.0,0.0,OTH
2014,Arunachal Pradesh,Taliha,23.0,Punji Mara,Male,Indian National Congress,INC,9541.0,0.0,0.0,0.0,OTH
2014,Assam,Barpeta,0.0,Sirajuddin Ajmal,Male,All India United Democratic Front,ALL I,0.0,0.0,0.0,0.0,OTH
2014,Bihar,Banka,19.0,Ramnarayan Mandal,Male,Bharatiya Janata Party,BJP,275000.0,146300.0,53.2,0.0,OTH
2014,Bihar,Bhagalpur,26.0,Ajeet Sharma,Male,Indian National Congress,INC,340000.0,159120.0,46.8,0.0,OTH
2014,Bihar,Chapra,22.0,Anil Kumar Sharma,Male,Rashtriya Janata Dal,RJD,295000.0,141305.0,47.9,0.0,OTH
2014,Bihar,Hajipur,18.0,Awadhesh Kumar Singh,Male,Bharatiya Janata Party,BJP,312000.0,170040.0,54.5,0.0,OTH
2014,Bihar,Jale,24.0,Sudhir Kumar Singh,Male,Janata Dal (United),JDU,278000.0,140668.0,50.6,0.0,OTH
2014,Bihar,Maharajganj,6.0,Ganesh Singh,Male,Bharatiya Janata Party,BJP,1480000.0,793280.0,53.6,0.0,OTH
2014,Bihar,Mohania,20.0,Anil Kumar,Male,Bharatiya Janata Party,BJP,245000.0,129605.0,52.9,0.0,OTH
2014,Bihar,Mohiuddinnagar,23.0,Md. Javed,Male,Rashtriya Janata Dal,RJD,252000.0,124236.0,49.3,0.0,OTH
2014,Bihar,Narkatiaganj,17.0,Randhir Kumar Singh,Male,Bharatiya Janata Party,BJP,298000.0,166284.0,55.8,0.0,OTH
2014,Bihar,Parbatta,25.0,Vijay Kumar Mandal,Male,Janata Dal (United),JDU,262000.0,133882.0,51.1,0.0,OTH
2014,Bihar,Rajnagar,21.0,Md. Istiyaq,Male,Rashtriya Janata Dal,RJD,268000.0,130516.0,48.7,0.0,OTH
2014,Delhi,Krishna Nagar,4.0,Kiran Walia,Female,Indian National Congress,INC,172000.0,80496.0,46.8,0.0,OTH
2014,Gujarat,Mahuva,0.0,Kanubhai Kalsaria,Male,Bharatiya Janata Party,BJP,0.0,0.0,0.0,0.0,OTH
2014,Haryana,Hisar,0.0,Dushyant Chautala,Male,Jannayak Janta Party,JJP,0.0,0.0,0.0,0.0,OTH
2014,Karnataka,Bellary,0.0,B. Sriramulu,Male,Bharatiya Janata Party,BJP,0.0,0.0,0.0,0.0,OTH
2014,Maharashtra,Bhandara-Gondiya,0.0,Nana Patole,Male,Bharatiya Janata Party,BJP,0.0,0.0,0.0,0.0,OTH
2014,Mizoram,Hrangturzo,0.0,K. Sangthuama,Male,Indian National Congress,INC,0.0,0.0,0.0,0.0,OTH
2014,Odisha,Talcher,0.0,Braja Kishore Pradhan,Male,Biju Janata Dal,BJD,0.0,0.0,0.0,0.0,OTH
2014,Tripura,Manu,40.0,Prabhat Chowdhury,Male,Communist Party of India (Marxist),CPM,38941.0,36215.0,93.1,0.0,OTH
2014,Uttar Pradesh,Muzaffarnagar,0.0,Sanjeev Balyan,Male,Bharatiya Janata Party,BJP,0.0,0.0,0.0,0.0,OTH
2014,Uttarakhand,Pithoragarh,0.0,Prakash Pant,Male,Bharatiya Janata Party,BJP,0.0,0.0,0.0,0.0,OTH
2014,West Bengal,Krishnaganj,0.0,Satyajit Biswas,Male,All India Trinamool Congress,AITC,0.0,0.0,0.0,0.0,OTH
2015,Andhra Pradesh,Kalva Kurthy,135.0,Chittem Rammohan Reddy,Male,Indian National Congress,INC,198294.0,151002.0,41.52,0.0,OTH
2015,Andhra Pradesh,Tirupati,167.0,Mannuru Suguna,Female,Telugu Desam Party,TDP,294993.0,145064.0,86.96,0.0,OTH
2015,Arunachal Pradesh,Liromoba (ST),27.0,Nyamar Karbak,Male,Indian National Congress,INC,11667.0,10490.0,36.33,0.0,OTH
2015,Kerala,Aruvikkara,0.0,K.S. Sabarinadhan,Male,Indian National Congress,INC,0.0,0.0,0.0,0.0,OTH
2015,Madhya Pradesh,JHABUA,24.0,Kantilal Bhuria,Male,Indian National Congress,INC,1743178.0,1045071.0,8.5,0.0,OTH
2015,Rajasthan,Surajgarh,112.0,Bharat Singh,Male,Independent,IND,278901.0,172345.0,0.0,0.0,GEN
2015,Rajasthan,Udaipur,21.0,Raghuveer Singh,Male,Independent,IND,1967890.0,1245678.0,0.0,0.0,GEN
2015,Sikkim,Burtuk,0.0,Dek Bahadur Katwal,Male,Sikkim Democratic Front,SDF,0.0,0.0,0.0,0.0,OTH
2015,Tripura,Pratapgarh,6.0,Ramu Das,Male,Communist Party of India (Marxist),CPM,50214.0,46312.0,92.51,0.0,OTH
2015,Tripura,Surma,24.0,Anjan Das,Male,Communist Party of India (Marxist),CPM,42311.0,38812.0,91.82,0.0,OTH
2015,West Bengal,Bongaon,0.0,Shanku Deb Panda,Male,All India Trinamool Congress,AITC,0.0,0.0,0.0,0.0,OTH
2016,Arunachal Pradesh,Hayuliang (ST),45.0,Dasanglu Pul,Female,Bharatiya Janata Party,BJP,11036.0,9822.0,54.85,0.0,OTH
2016,Assam,Lakhimpur,0.0,Pradan Baruah,Male,Bharatiya Janata Party,BJP,0.0,0.0,0.0,0.0,OTH
2016,Bihar,Harlakhi,27.0,Sudhanshu Shekhar,Male,Rashtriya Lok Samta Party,Other,263000.0,140442.0,53.4,0.0,OTH
2016,Haryana,Jind,0.0,Hari Chand Middha,Male,Indian National Lok Dal,INLD,0.0,0.0,0.0,0.0,OTH
2016,Jammu & Kashmir,ANANTNAG,40.0,Mehbooba Mufti (E),Female,Jammu & Kashmir Peoples Democratic Party,Haldhar within wheel,84124.0,28093.0,43.02,0.0,OTH
2016,Madhya Pradesh,SHAHDOL,12.0,"Gyan Singh Ã""",Male,Bharatiya Janata Party,BJP,1601187.0,1068345.0,5.65,0.0,OTH
2016,Maharashtra,Phaltan,0.0,Dipak Chavan,Male,Nationalist Congress Party,NCP,0.0,0.0,0.0,0.0,OTH
2016,Meghalaya,Tura,2.0,Conrad Sangma,Male,National People's Party,NPP,582412.0,397205.0,68.2,0.0,OTH
2016,Punjab,Talwandi Sabo,0.0,Jeet Mohinder Singh Sidhu,Male,Shiromani Akali Dal,SAD,0.0,0.0,0.0,0.0,OTH
2016,Rajasthan,Kota,20.0,Om Birla,Male,Independent,IND,1923456.0,1234567.0,0.0,0.0,GEN
2016,Rajasthan,Kotma,145.0,Ramesh Chand,Male,Independent,IND,245678.0,156789.0,0.0,0.0,ST
2016,Tamil Nadu,Aravakurichi,0.0,S. Thangavelu,Male,Dravida Munnetra Kazhagam,DMK,0.0,0.0,0.0,0.0,OTH
2016,Tamil Nadu,Thanjavur,0.0,M. Dhanasekar,Male,Dravida Munnetra Kazhagam,DMK,0.0,0.0,0.0,0.0,OTH
2016,Telangana,Narayankhed,35.0,Bhupal Reddy,Male,Independent,IND,188350.0,154146.0,0.0,0.0,GEN
2016,Telangana,Palair,113.0,Thummala Nageswara Rao,Male,Independent,IND,190477.0,170940.0,0.0,0.0,GEN
2016,Tripura,Amarpur,32.0,Parimal Debnath,Male,Communist Party of India (Marxist),CPM,38912.0,35412.0,91.24,0.0,OTH
2016,Tripura,Barjala,4.0,Jhumu Sarkar,Female,Communist Party of India (Marxist),CPM,39214.0,34212.0,87.65,0.0,OTH
2016,Tripura,Khowai,27.0,Biswajit Dutta,Male,Communist Party of India (Marxist),CPM,37924.0,35512.0,93.72,0.0,OTH
2016,Uttar Pradesh,Lucknow Cantt,0.0,Rita Bahuguna Joshi,Female,Bharatiya Janata Party,BJP,0.0,0.0,0.0,0.0,OTH
2016,West Bengal,Monteswar,0.0,Milan Ghosh,Male,All India Trinamool Congress,AITC,0.0,0.0,0.0,0.0,OTH
2017,Andhra Pradesh,Nandyal,139.0,B. Brahmananda Reddy,Male,Telugu Desam Party,TDP,219108.0,171956.0,56.05,0.0,OTH
2017,Arunachal Pradesh,Likabali,28.0,Kardo Nyigyor,Male,Bharatiya Janata Party,BJP,10608.0,7677.0,72.37,0.0,OTH
2017,Arunachal Pradesh,Pakke-Kessang,12.0,Biyuram Wahge,Male,Bharatiya Janata Party,BJP,7468.0,6727.0,90.08,0.0,OTH
2017,Chandigarh,Chandigarh,0.0,Kirron Kher,Female,Bharatiya Janata Party,BJP,0.0,0.0,0.0,0.0,OTH
2017,Delhi,Bawana,6.0,Ram Chander,Male,Aam Aadmi Party,AAP,285000.0,165870.0,58.2,0.0,OTH
2017,Delhi,Rajouri Garden,5.0,Manjinder Singh Sirsa,Male,Bharatiya Janata Party,BJP,178000.0,100392.0,56.4,0.0,OTH
2017,Goa,Panaji,11.0,Manohar Parrikar,Male,Bharatiya Janata Party,BJP,22203.0,15237.0,64.7,0.0,OTH
2017,Goa,Valpoi,19.0,Vishwajit Rane,Male,Bharatiya Janata Party,BJP,28817.0,21345.0,70.2,0.0,OTH
2017,Gujarat,Unjha,0.0,Asha Patel,Female,Bharatiya Janata Party,BJP,0.0,0.0,0.0,0.0,OTH
2017,Himachal Pradesh,Dharamsala,0.0,Kishan Kapoor,Male,Bharatiya Janata Party,BJP,0.0,0.0,0.0,0.0,OTH
2017,Jammu & Kashmir,Srinagar,2.0,FAROOQ ABDULLAH,Male,Jammu & Kashmir National Conference,JKNC,1261817.0,88951.0,12.11,0.0,OTH
2017,Kerala,Malappuram,0.0,P.K. Kunhalikutty,Male,Muslim League,MUSLI,0.0,0.0,0.0,0.0,OTH
2017,Manipur,Oinam,25.0,Laishram Radhakishore Singh,Male,Bharatiya Janata Party,BJP,28103.0,24514.0,49.07,0.0,OTH
2017,Manipur,Saikul,46.0,Yamthong Haokip,Male,Indian National Congress,INC,36750.0,32596.0,35.8,0.0,OTH
2017,Manipur,Singhat,60.0,Ginsuanhau,Male,Indian National Congress,INC,26081.0,21577.0,52.7,0.0,OTH
2017,Manipur,Tamenglong,53.0,Samuel Jendai Kamei,Male,Bharatiya Janata Party,BJP,31525.0,24037.0,54.4,0.0,OTH
2017,Punjab,Gurdaspur,0.0,Sunil Jakhar,Male,Indian National Congress,INC,0.0,0.0,0.0,0.0,OTH
2017,Rajasthan,Dholpur,2.0,Shobha Rani,Female,Independent,IND,234567.0,152345.0,0.0,0.0,SC
2017,Rajasthan,Ganganagar,1.0,Nihal,Male,Independent,IND,1872345.0,1178234.0,0.0,0.0,GEN
2017,Uttar Pradesh,Gorakhpur,0.0,Praveen Kumar Nishad,Male,Samajwadi Party,SP,0.0,0.0,0.0,0.0,OTH
2017,Uttarakhand,Someshwar,0.0,Rajesh Shukla,Male,Indian National Congress,INC,0.0,0.0,0.0,0.0,OTH
2017,West Bengal,Sabang,0.0,Manas Kumar Bhunia,Male,All India Trinamool Congress,AITC,0.0,0.0,0.0,0.0,OTH
2018,Bihar,Araria,4.0,Sarfaraz Alam,Male,Rashtriya Janata Dal,RJD,1587000.0,837936.0,52.8,0.0,OTH
2018,Bihar,Bhabua,29.0,Rinki Rani Pandey,Female,Bharatiya Janata Party,BJP,285000.0,156180.0,54.8,0.0,OTH
2018,Bihar,Jehanabad,5.0,Chandeshwar Verma,Male,Rashtriya Janata Dal,RJD,1350000.0,680400.0,50.4,0.0,OTH
2018,Karnataka,Rajarajeshwari Nagar,0.0,Munirathna Naidu,Male,Indian National Congress,INC,0.0,0.0,0.0,0.0,OTH
2018,Meghalaya,Ranikor,35.0,Pius Marwein,Male,United Democratic Party,UDP,28412.0,23412.0,82.4,0.0,OTH
2018,Meghalaya,South Tura,51.0,Conrad Sangma,Male,National People's Party,NPP,30124.0,21984.0,72.89,0.0,OTH
2018,Nagaland,Nagaland,1.0,Tokheho Yepthomi,Male,Nationalist Democratic Progressive Party,NDPP,0.0,0.0,0.0,0.0,OTH
2018,Nagaland,Northern Angami-II,11.0,Neiphiu Rio,Male,Nationalist Democratic Progressive Party,NDPP,21006.0,0.0,0.0,0.0,OTH
2018,Odisha,Bijepur,0.0,Rita Sahu,Female,Biju Janata Dal,BJD,0.0,0.0,0.0,0.0,OTH
2018,Rajasthan,Ajmer,4.0,Raghu Sharma,Male,Independent,IND,1987234.0,1256789.0,0.0,0.0,GEN
2018,Rajasthan,Alwar,3.0,Karan Singh Yadav,Male,Independent,IND,1945678.0,1234567.0,0.0,0.0,GEN
2018,Rajasthan,Bhilwara,18.0,Rampal,Male,Independent,IND,1892345.0,1192345.0,0.0,0.0,GEN
2018,Rajasthan,Mandalgarh,199.0,Vivek Dhakad,Male,Independent,IND,267890.0,167234.0,0.0,0.0,GEN
2018,Uttar Pradesh,Kairana,0.0,Tabassum Hasan,Female,Rashtriya Lok Dal,RLD,0.0,0.0,0.0,0.0,OTH
2018,Uttar Pradesh,Phulpur,0.0,Nagendra Pratap Singh Patel,Male,Samajwadi Party,SP,0.0,0.0,0.0,0.0,OTH
2018,West Bengal,Maheshtala,0.0,Dulal Chandra Bar,Male,All India Trinamool Congress,AITC,0.0,0.0,0.0,0.0,OTH
2019,Assam,Ratabari,0.0,Krishnendu Paul,Male,Bharatiya Janata Party,BJP,0.0,0.0,0.0,0.0,OTH
2019,Bihar,Belhar,32.0,Ramdeo Yadav,Male,Rashtriya Janata Dal,RJD,255000.0,135405.0,53.1,0.0,OTH
2019,Bihar,Dehri,35.0,Satyanarayan Singh,Male,Bharatiya Janata Party,BJP,268000.0,140432.0,52.4,0.0,OTH
2019,Bihar,Kishanganj,30.0,Qamrul Hoda,Male,All India Majlis-e-Ittehadul Muslimeen,Other,325000.0,170950.0,52.6,0.0,OTH
2019,Bihar,Nathnagar,33.0,Laxmi Kant Mandal,Male,Janata Dal (United),JDU,242000.0,118338.0,48.9,0.0,OTH
2019,Bihar,Nawada,36.0,Kaushal Yadav,Male,Janata Dal (United),JDU,292000.0,151256.0,51.8,0.0,OTH
2019,Bihar,Simri Bakhtiarpur,31.0,Zafar Alam,Male,Rashtriya Janata Dal,RJD,228000.0,114912.0,50.4,0.0,OTH
2019,Goa,Mandrem,1.0,Dayanand Sopte,Male,Bharatiya Janata Party,BJP,32456.0,27203.0,56.4,0.0,OTH
2019,Goa,Mapusa,5.0,Joshua D'Souza,Male,Bharatiya Janata Party,BJP,29145.0,22104.0,48.9,0.0,OTH
2019,Goa,Panaji,11.0,Atanasio Monserrate,Male,Indian National Congress,INC,22408.0,17246.0,51.2,0.0,OTH
2019,Goa,Shiroda,22.0,Subhash Shirodkar,Male,Bharatiya Janata Party,BJP,28942.0,24103.0,43.1,0.0,OTH
2019,Gujarat,Amraiwadi,0.0,Jagdish Patel,Male,Bharatiya Janata Party,BJP,0.0,0.0,0.0,0.0,OTH
2019,Gujarat,Lunawada,0.0,Jigneshkumar Sevak,Male,Bharatiya Janata Party,BJP,0.0,0.0,0.0,0.0,OTH
2019,Gujarat,Radhanpur,0.0,Raghubhai Desai,Male,Bharatiya Janata Party,BJP,0.0,0.0,0.0,0.0,OTH
2019,Gujarat,Tharad,0.0,Jivabhai Patel,Male,Bharatiya Janata Party,BJP,0.0,0.0,0.0,0.0,OTH
2019,Haryana,Jind,0.0,Krishan Lal Middha,Male,Bharatiya Janata Party,BJP,0.0,0.0,0.0,0.0,OTH
2019,Himachal Pradesh,Dharamsala,0.0,Vishal Nehria,Male,Bharatiya Janata Party,BJP,0.0,0.0,0.0,0.0,OTH
2019,Karnataka,Athani,0.0,Mahesh Kumathalli,Male,Bharatiya Janata Party,BJP,0.0,0.0,0.0,0.0,OTH
2019,Karnataka,Chikkaballapur,0.0,K. Sudhakar,Male,Bharatiya Janata Party,BJP,0.0,0.0,0.0,0.0,OTH
2019,Karnataka,Hoskote,0.0,Sharath Bachegowda,Male,Bharatiya Janata Party,BJP,0.0,0.0,0.0,0.0,OTH
2019,Karnataka,KR Pura,0.0,Byrathi Basavaraj,Male,Bharatiya Janata Party,BJP,0.0,0.0,0.0,0.0,OTH
2019,Karnataka,Kagwad,0.0,Shrimant Patil,Male,Bharatiya Janata Party,BJP,0.0,0.0,0.0,0.0,OTH
2019,Karnataka,Yellapur,0.0,Shivaram Hebbar,Male,Bharatiya Janata Party,BJP,0.0,0.0,0.0,0.0,OTH
2019,Kerala,Ernakulam,0.0,Hibi Eden,Male,Indian National Congress,INC,0.0,0.0,0.0,0.0,OTH
2019,Kerala,Manjeswaram,0.0,M.C. Kamaruddin,Male,Muslim League,MUSLI,0.0,0.0,0.0,0.0,OTH
2019,Kerala,Vatiyoorkavu,0.0,V.K. Prasanth,Male,Communist Party of India (Marxist),CPM,0.0,0.0,0.0,0.0,OTH
2019,Maharashtra,Satara,0.0,Udayanraje Bhosale,Male,Bharatiya Janata Party,BJP,0.0,0.0,0.0,0.0,OTH
2019,Meghalaya,Shella,26.0,Balajied Kupar,Male,United Democratic Party,UDP,29124.0,24812.0,85.2,0.0,OTH
2019,Mizoram,Serchhip,0.0,Lalrinsanga Ralte,Male,Mizo National Front,MNF,0.0,0.0,0.0,0.0,OTH
2019,Odisha,Balasore,0.0,Madan Mohan Dutta,Male,Biju Janata Dal,BJD,0.0,0.0,0.0,0.0,OTH
2019,Odisha,Tirtol,0.0,Bijaya Shankar Das,Male,Biju Janata Dal,BJD,0.0,0.0,0.0,0.0,OTH
2019,Punjab,Dakha,0.0,Sandeep Singh,Male,Indian National Congress,INC,0.0,0.0,0.0,0.0,OTH
2019,Rajasthan,Jalore,22.0,Poonam,Female,Independent,IND,1789234.0,1156789.0,0.0,0.0,SC
2019,Rajasthan,Khandesh,188.0,Rameshwar,Male,Independent,IND,245678.0,151234.0,0.0,0.0,GEN
2019,Rajasthan,Nagaur,8.0,Hanuman Beniwal,Male,Independent,IND,2123456.0,1378234.0,0.0,0.0,GEN
2019,Sikkim,Poklok Kamrang,0.0,P.S. Golay,Male,Sikkim Krantikari Morcha,SKM,0.0,0.0,0.0,0.0,OTH
2019,Tamil Nadu,Nanguneri,0.0,R. Kannan,Male,Dravida Munnetra Kazhagam,DMK,0.0,0.0,0.0,0.0,OTH
2019,Tamil Nadu,Vikravandi,0.0,N. Pugazhenthi,Male,Dravida Munnetra Kazhagam,DMK,0.0,0.0,0.0,0.0,OTH
2019,Telangana,Huzurnagar,91.0,Shanampudi Saidi Reddy,Male,Independent,IND,236470.0,199332.0,0.0,0.0,GEN
2019,Tripura,Badharghat,7.0,Mimi Majumder,Female,Bharatiya Janata Party,BJP,57412.0,45412.0,79.2,0.0,OTH
2019,Uttar Pradesh,Hamirpur,0.0,Yuvraj Singh,Male,Bharatiya Janata Party,BJP,0.0,0.0,0.0,0.0,OTH
2019,West Bengal,Kaliaganj,0.0,Tapas Roy,Male,All India Trinamool Congress,AITC,0.0,0.0,0.0,0.0,OTH
2019,West Bengal,Karimpur,0.0,Bimalendu Sinha Roy,Male,All India Trinamool Congress,AITC,0.0,0.0,0.0,0.0,OTH
2019,West Bengal,Kharagpur Sadar,0.0,Pradip Sarkar,Male,All India Trinamool Congress,AITC,0.0,0.0,0.0,0.0,OTH
2020,Assam,Bodoland,0.0,Pramod Bodo,Male,United Peoples Party Liberal,UPPL,0.0,0.0,0.0,0.0,OTH
2020,Gujarat,Abdasa,0.0,Pradyumansinh Jadeja,Male,Bharatiya Janata Party,BJP,0.0,0.0,0.0,0.0,OTH
2020,Manipur,Saitu,51.0,Ngamthang Haokip,Male,Bharatiya Janata Party,BJP,40210.0,36375.0,73.08,0.0,OTH
2020,Manipur,Singhat,60.0,Ginsuanhau Zou,Male,Bharatiya Janata Party,BJP,27995.0,0.0,0.0,0.0,OTH
2020,Manipur,Wangjing Tentha,34.0,Paonam Brojen Singh,Male,Bharatiya Janata Party,BJP,33398.0,29460.0,52.01,0.0,OTH
2020,Manipur,Wangoi,22.0,Oinam Lukhoi Singh,Male,Bharatiya Janata Party,BJP,28828.0,27254.0,40.21,0.0,OTH
2020,Odisha,Pipili,0.0,Rudra Pratap Maharathy,Male,Biju Janata Dal,BJD,0.0,0.0,0.0,0.0,OTH
2020,Rajasthan,Rajasthan,183.0,Pratap Singh,Male,Independent,IND,298765.0,178923.0,0.0,0.0,GEN
2020,Rajasthan,Rajsamand,19.0,Diya Kumari,Female,Independent,IND,1823456.0,1192345.0,0.0,0.0,GEN
2020,Telangana,Dubbak,41.0,Madhavaneni Raghunandan Rao,Male,Independent,IND,198807.0,164192.0,0.0,0.0,GEN
2020,Uttar Pradesh,Bangarmau,0.0,Subhash Pasi,Male,Bharatiya Janata Party,BJP,0.0,0.0,0.0,0.0,OTH
2020,Uttar Pradesh,Bulandshahr,0.0,Usha Sirohi,Female,Bharatiya Janata Party,BJP,0.0,0.0,0.0,0.0,OTH
2020,Uttar Pradesh,Tundla,0.0,S.P. Singh Patel,Male,Bharatiya Janata Party,BJP,0.0,0.0,0.0,0.0,OTH
2020,Uttarakhand,Salt,0.0,Mahesh Jeena,Male,Bharatiya Janata Party,BJP,0.0,0.0,0.0,0.0,OTH
2021,Andhra Pradesh,Badvel,124.0,Dasari Sudha,Female,Yuvajana Sramika Rythu Congress Party,CEILING FAN,216206.0,143513.0,78.19,0.0,OTH
2021,Andhra Pradesh,Tirupathi,23.0,MADDILA GURUMOORTHY,Male,Yuvajana Sramika Rythu Congress Party,Ceiling Fan,1711195.0,1105468.0,57.48,0.0,OTH
2021,Bihar,Kusheshwar Asthan,37.0,Aman Bhushan Hajari,Male,Janata Dal (United),JDU,312000.0,163176.0,52.3,0.0,OTH
2021,Bihar,Tarapur,38.0,Rajeev Kumar Singh,Male,Janata Dal (United),JDU,298000.0,160324.0,53.8,0.0,OTH
2021,Himachal Pradesh,Fatehpur,0.0,Baldev Thakur,Male,Indian National Congress,INC,0.0,0.0,0.0,0.0,OTH
2021,Himachal Pradesh,Jubbal-Kotkhai,0.0,Chetan Bragta,Male,Bharatiya Janata Party,BJP,0.0,0.0,0.0,0.0,OTH
2021,Karnataka,Hangal,0.0,Shivaraj Sajjanar,Male,Bharatiya Janata Party,BJP,0.0,0.0,0.0,0.0,OTH
2021,Karnataka,Sindgi,0.0,Ramesh Jigajinagi,Male,Bharatiya Janata Party,BJP,0.0,0.0,0.0,0.0,OTH
2021,Kerala,Thrikkakara,0.0,Uma Thomas,Female,Indian National Congress,INC,0.0,0.0,0.0,0.0,OTH
2021,Madhya Pradesh,KHANDWA,20.0,GYANESHWAR PATIL,Male,Bharatiya Janata Party,BJP,1968805.0,1254939.0,6.55,0.0,OTH
2021,Maharashtra,Deglur,0.0,Jitesh Antapurkar,Male,Indian National Congress,INC,0.0,0.0,0.0,0.0,OTH
2021,Maharashtra,Pandharpur,0.0,Samadhan Autade,Male,Bharatiya Janata Party,BJP,0.0,0.0,0.0,0.0,OTH
2021,Meghalaya,Mawphlang,15.0,Eugeneson Lyngdoh,Male,United Democratic Party,UDP,31412.0,24152.0,76.9,0.0,OTH
2021,Meghalaya,Mawryngkneng,13.0,Pyniaid Sing,Male,National People's Party,NPP,32124.0,24124.0,75.1,0.0,OTH
2021,Meghalaya,Rajabala,47.0,Abdur Saleh,Male,National People's Party,NPP,34124.0,30912.0,90.63,0.0,OTH
2021,Rajasthan,Ajmer,4.0,Raghu Sharma,Male,Independent,IND,1987234.0,1278234.0,0.0,0.0,GEN
2021,Rajasthan,Vidhan Sabha,173.0,Mahesh Joshi,Male,Independent,IND,312456.0,185632.0,0.0,0.0,GEN
2021,Telangana,Huzurabad,31.0,Eatala Rajender,Male,Independent,IND,237036.0,205053.0,0.0,0.0,GEN
2021,Telangana,Nagarjuna Sagar,87.0,Nomula Bhagath,Male,Independent,IND,220381.0,189054.0,0.0,0.0,GEN
2021,West Bengal,Bhabanipur,0.0,Mamata Banerjee,Female,All India Trinamool Congress,AITC,0.0,0.0,0.0,0.0,OTH
2021,West Bengal,Jangipur,0.0,Jakir Hossain,Male,All India Trinamool Congress,AITC,0.0,0.0,0.0,0.0,OTH
2021,West Bengal,Samserganj,0.0,Amirul Islam,Male,All India Trinamool Congress,AITC,0.0,0.0,0.0,0.0,OTH
2022,Andhra Pradesh,Atmakur,115.0,Mekapati Vikram Reddy,Male,Yuvajana Sramika Rythu Congress Party,CEILING FAN,213400.0,133107.0,76.81,0.0,OTH
2022,Assam,Nagaon,0.0,Rupjyoti Kurmi,Male,Indian National Congress,INC,0.0,0.0,0.0,0.0,OTH
2022,Bihar,Bochahan,41.0,Amar Paswan,Male,Rashtriya Janata Dal,RJD,275000.0,156200.0,56.8,0.0,OTH
2022,Bihar,Gopalganj,40.0,Kusum Devi,Female,Bharatiya Janata Party,BJP,310000.0,168020.0,54.2,0.0,OTH
2022,Bihar,Mokama,39.0,Neelam Devi,Female,Rashtriya Janata Dal,RJD,335000.0,185590.0,55.4,0.0,OTH
2022,Delhi,Rajinder Nagar,7.0,Durgesh Pathak,Male,Aam Aadmi Party,AAP,165000.0,69630.0,42.2,0.0,OTH
2022,Gujarat,Morbi,0.0,Kantilal Amrutiya,Male,Bharatiya Janata Party,BJP,0.0,0.0,0.0,0.0,OTH
2022,Haryana,Adampur,0.0,Bhavya Bishnoi,Male,Bharatiya Janata Party,BJP,0.0,0.0,0.0,0.0,OTH
2022,Manipur,Thongju,5.0,T. Biswajit Singh,Male,Bharatiya Janata Party,BJP,31987.0,29481.0,52.2,0.0,OTH
2022,Odisha,Dhamnagar,0.0,Suryabanshi Suraj,Male,Bharatiya Janata Party,BJP,0.0,0.0,0.0,0.0,OTH
2022,Punjab,Adampur,0.0,Bhavya Bishnoi,Male,Bharatiya Janata Party,BJP,0.0,0.0,0.0,0.0,OTH
2022,Punjab,Sangrur,0.0,Simranjit Singh Mann,Male,Shiromani Akali Dal (Amritsar),SHIRO,0.0,0.0,0.0,0.0,OTH
2022,Sikkim,Bardang Barfung,0.0,Tshering Lama Bhutia,Male,Sikkim Krantikari Morcha,SKM,0.0,0.0,0.0,0.0,OTH
2022,Telangana,Munugode,93.0,Kusukuntla Prabhakar Reddy,Male,Independent,IND,241805.0,225192.0,0.0,0.0,GEN
2022,Tripura,Agartala,6.0,Sudip Roy Barman,Male,Indian National Congress,INC,51412.0,40241.0,78.27,0.0,OTH
2022,Tripura,Jubarajnagar,57.0,Malina Debnath,Female,Bharatiya Janata Party,BJP,41214.0,34412.0,83.48,0.0,OTH
2022,Tripura,Surma,46.0,Swapna Das,Female,Bharatiya Janata Party,BJP,44214.0,36712.0,83.02,0.0,OTH
2022,Tripura,Town Bordowali,8.0,Manik Saha,Male,Bharatiya Janata Party,BJP,46214.0,33124.0,71.5,0.0,OTH
2022,Uttar Pradesh,Azamgarh,0.0,Dinesh Lal Yadav,Male,Bharatiya Janata Party,BJP,0.0,0.0,0.0,0.0,OTH
2022,Uttar Pradesh,Khatauli,0.0,Rajkumar Saini,Male,Bharatiya Janata Party,BJP,0.0,0.0,0.0,0.0,OTH
2022,Uttar Pradesh,Mainpuri,0.0,Dimple Yadav,Female,Samajwadi Party,SP,0.0,0.0,0.0,0.0,OTH
2022,Uttar Pradesh,Rampur,0.0,Ghanshyam Singh Lodhi,Male,Bharatiya Janata Party,BJP,0.0,0.0,0.0,0.0,OTH
2022,Uttarakhand,Chamoli,0.0,Tribhuvan Singh,Male,Bharatiya Janata Party,BJP,0.0,0.0,0.0,0.0,OTH
2022,West Bengal,Asansol,0.0,Shatrughan Sinha,Male,All India Trinamool Congress,AITC,0.0,0.0,0.0,0.0,OTH
2022,West Bengal,Ballygunge,0.0,Babul Supriyo,Male,All India Trinamool Congress,AITC,0.0,0.0,0.0,0.0,OTH
2023,Arunachal Pradesh,Lumla,1.0,Tsering Lhamu,Female,Bharatiya Janata Party,BJP,9214.0,0.0,100.0,0.0,OTH
2023,Assam,Tamulpur,0.0,Jolen Daimary,Male,United Peoples Party Liberal,UPPL,0.0,0.0,0.0,0.0,OTH
2023,Himachal Pradesh,Hamirpur,0.0,Ashish Sharma,Male,Bharatiya Janata Party,BJP,0.0,0.0,0.0,0.0,OTH
2023,Karnataka,Jayanagar,0.0,Sowmya Reddy,Female,Indian National Congress,INC,0.0,0.0,0.0,0.0,OTH
2023,Maharashtra,Chinchwad,0.0,Ashwini Jagtap,Female,Bharatiya Janata Party,BJP,0.0,0.0,0.0,0.0,OTH
2023,Maharashtra,Kasba Peth,0.0,Ravindra Dhangekar,Male,Indian National Congress,INC,0.0,0.0,0.0,0.0,OTH
2023,Rajasthan,Sagwara,169.0,Dr. Manish Kumar,Male,Independent,IND,285432.0,168543.0,0.0,0.0,GEN
2023,Rajasthan,Salumber,23.0,Amrit Lal,Male,Independent,IND,1678234.0,1098234.0,0.0,0.0,ST
2023,Tamil Nadu,Erode East,0.0,K.E. Thirumahan Everaa,Male,Dravida Munnetra Kazhagam,DMK,0.0,0.0,0.0,0.0,OTH
2023,Tripura,Boxanagar,20.0,Tafajjal Hossain,Male,Bharatiya Janata Party,BJP,38124.0,34012.0,89.2,0.0,OTH
2023,Tripura,Dhanpur,23.0,Bindu Debnath,Male,Bharatiya Janata Party,BJP,41214.0,34612.0,84.1,0.0,OTH
2024,Assam,Samaguri,0.0,Diplu Ranjan Sarma,Male,Bharatiya Janata Party,BJP,0.0,0.0,0.0,0.0,OTH
2024,Bihar,Belaganj,44.0,Surendra Yadav,Male,Janata Dal (United),JDU,306000.0,168912.0,55.2,0.0,OTH
2024,Bihar,Imamganj,45.0,Deepa Manjhi,Female,Hindustani Awam Morcha (Secular),Other,268000.0,139588.0,52.1,0.0,OTH
2024,Bihar,Ramgarh,43.0,Manohar Mandal,Male,Bharatiya Janata Party,BJP,282000.0,151152.0,53.6,0.0,OTH
2024,Bihar,Tarari,42.0,Vishal Prasad,Male,Bharatiya Janata Party,BJP,295000.0,161955.0,54.9,0.0,OTH
2024,Haryana,Baroda,0.0,Induraj Narwal,Male,Indian National Congress,INC,0.0,0.0,0.0,0.0,OTH
2024,Kerala,Puthuppally,0.0,Chandy Oommen,Male,Indian National Congress,INC,0.0,0.0,0.0,0.0,OTH
2024,Maharashtra,Andheri East,0.0,Rutuja Latke,Female,Shiv Sena,SHS,0.0,0.0,0.0,0.0,OTH
2024,Meghalaya,Gambegre,52.0,Mehtab Chandee,Female,National People's Party,NPP,31214.0,28214.0,90.4,0.0,OTH
2024,Mizoram,Lunglei,0.0,C. Ngunlianchunga,Male,Zoram People's Movement,ZPM,0.0,0.0,0.0,0.0,OTH
2024,Odisha,Padampur,0.0,Barsha Singh Bariha,Female,Biju Janata Dal,BJD,0.0,0.0,0.0,0.0,OTH
2024,Rajasthan,Banswara,24.0,Man Singh,Male,Independent,IND,1856234.0,1234567.0,0.0,0.0,ST
2024,Tripura,Ramnagar,7.0,Dipak Majumder,Male,Bharatiya Janata Party,BJP,45124.0,36612.0,81.3,0.0,OTH
2024,Uttar Pradesh,Milkipur,0.0,Ajit Prasad,Male,Samajwadi Party,SP,0.0,0.0,0.0,0.0,OTH
2024,West Bengal,Bagda,0.0,Madhuparna Thakur,Female,All India Trinamool Congress,AITC,0.0,0.0,0.0,0.0,OTH
2024,West Bengal,Raiganj,0.0,Krishna Kalyani,Male,All India Trinamool Congress,AITC,0.0,0.0,0.0,0.0,OTH
2025,Jammu & Kashmir,BUDGAM,27.0,AGA SYED MUNTAZIR MEHDI,Male,Jammu & Kashmir Peoples Democratic Party,INK POT & PEN,126276.0,62555.0,7.16,0.0,OTH
2025,Jammu & Kashmir,NAGROTA,77.0,DEVYANI RANA,Female,Bharatiya Janata Party,BJP,99494.0,73484.0,33.37,0.0,OTH
