YEAR,STATE NAME,CONSTITUENCY NAME,CONSTITUENCY NO,WINNER CANDIDATE NAME,GENDER,PARTY NAME,PARTY SYMBOL,TOTAL ELECTORS,VOTES CASTED,VOTE %,MARGIN,CATEGORY,ELECTION TYPE
2009,Andaman & Nicobar Islands,Andaman & Nicobar,0,Bishnu Pada Ray,Male,Indian National Congress,INC,0,0,0,0,OTH,Bypoll
1996,Andhra Pradesh,Dhone,0,K.E. Prabhakar,Male,Telugu Desam Party,TDP,148650,102415,51.2,0,OTH,Bypoll
1996,Andhra Pradesh,Harishchandrapuram,4,Atchannaidu Kinjarapu,Male,Telugu Desam Party,TDP,140536,103285,61.76,0,OTH,Bypoll
1996,Andhra Pradesh,Hindupur,164,Nandamuri Harikrishna,Male,Telugu Desam Party,TDP,182243,119447,72,0,OTH,Bypoll
1996,Andhra Pradesh,Jadcherla,0,M. Chandra Sekhar,Male,Telugu Desam Party,TDP,163515,114670,68.46,0,OTH,Bypoll
1996,Andhra Pradesh,Jagtial,0,L. Ramana,Male,Telugu Desam Party,TDP,151240,99410,53.1,0,OTH,Bypoll
1996,Andhra Pradesh,Kodangal,0,G. Gurunath Reddy,Male,Telugu Desam Party,TDP,155420,98450,48.9,0,OTH,Bypoll
1996,Andhra Pradesh,Mulug,0,Ajmeera Chandulal,Male,Telugu Desam Party,TDP,138420,103142,47.4,0,OTH,Bypoll
1996,Andhra Pradesh,Mummidivaram,53,G.M.C. Balayogi,Male,Telugu Desam Party,TDP,128450,92114,49.8,0,OTH,Bypoll
1996,Andhra Pradesh,Nagaram,57,K. S. R. Murthy,Male,Indian National Congress,INC,121440,85412,45.3,0,OTH,Bypoll
1996,Andhra Pradesh,Nandyal,27,Bhuma Nagi Reddy,Male,Telugu Desam Party,TDP,1123437,707384,80.94,0,OTH,Bypoll
1996,Andhra Pradesh,Narasapur,59,Kothapalli Janakiram,Male,Telugu Desam Party,TDP,158343,119576,50.51,0,OTH,Bypoll
1996,Andhra Pradesh,Narasipatnam,36,Ch. Ayyanna Patrudu,Male,Telugu Desam Party,TDP,134812,115170,52.1,0,OTH,Bypoll
1996,Andhra Pradesh,Nirmal,0,S. Venugopala Chary,Male,Telugu Desam Party,TDP,142310,108640,54.2,0,OTH,Bypoll
1996,Andhra Pradesh,Pathapatnam,6,Lakshmi Parvathi N.,Female,Telugu Desam Party (Lakshmi Parvathi),Lion,126691,90187,48.99,0,OTH,Bypoll
1996,Andhra Pradesh,Penukonda,166,Paritala Ravindra,Male,Telugu Desam Party,TDP,161165,110691,77.13,0,OTH,Bypoll
1996,Andhra Pradesh,Punganur,143,N. Amaranatha Reddy,Male,Telugu Desam Party,TDP,152410,115420,55.4,0,OTH,Bypoll
1996,Andhra Pradesh,Sujanagar,0,B. Venkateswara Rao,Male,Communist Party of India (Marxist),CPM,144560,92140,44.2,0,OTH,Bypoll
1997,Andhra Pradesh,Allagadda,0,Bhuma Shobha Rani,Female,Telugu Desam Party,TDP,170560,106571,71.81,0,OTH,Bypoll
1997,Andhra Pradesh,Darsi,121,Narapusetty Papa Rao,Male,Telugu Desam Party,TDP,190940,122683,52.53,0,OTH,Bypoll
1998,Andhra Pradesh,Andole,0,P. Babu Mohan,Male,Telugu Desam Party,TDP,139947,100497,54.69,0,OTH,Bypoll
1998,Andhra Pradesh,Attili,66,Dandu Sivarama Raju,Male,Telugu Desam Party,TDP,140109,98414,70.51,0,OTH,Bypoll
1998,Andhra Pradesh,Hanamkonda (LS),0,Dr. P. V. Ranga Rao,Male,Indian National Congress,INC,230400,133948,35.6,0,OTH,Bypoll
1998,Andhra Pradesh,Madhira (LA),0,Katta Venkatanarasaiah,Male,Communist Party of India (Marxist),CPM,180883,144008,35.08,0,OTH,Bypoll
1998,Andhra Pradesh,Metpalli,0,Komi Reddy Jyothi Devi,Female,Indian National Congress,INC,162693,100210,34.52,0,OTH,Bypoll
1998,Andhra Pradesh,Mummidivaram,43,Chelli Vivekananda,Male,Telugu Desam Party,TDP,134965,82094,60.73,0,OTH,Bypoll
2000,Andhra Pradesh,Bhongir,0,Alimineti Uma Devi,Female,Telugu Desam Party,TDP,179978,127886,61.3,0,OTH,Bypoll
2000,Andhra Pradesh,Chevella,0,Patlolla Sabitha,Female,Indian National Congress,INC,208250,143912,58.68,0,OTH,Bypoll
2000,Andhra Pradesh,Gudivada,85,Raavi Venkateswara Rao,Male,Telugu Desam Party,TDP,168159,96315,65,0,OTH,Bypoll
2001,Andhra Pradesh,Badvel,155,Bijivemula Koneti Reddy,Male,Telugu Desam Party,TDP,153842,112456,53.4,0,OTH,Bypoll
2001,Andhra Pradesh,Giddalur,123,Pidathala Sai Kalpana,Female,Telugu Desam Party,TDP,151326,104506,52.8,0,OTH,Bypoll
2001,Andhra Pradesh,Siddipet,0,K. Chandrashekar Rao,Male,Bharat Rashtra Samithi,BRS,174864,114205,72.35,0,OTH,Bypoll
2001,Andhra Pradesh,Vuyyuru,84,Anne Vijaya Lakshmi,Female,Telugu Desam Party,TDP,124379,89951,58.28,0,OTH,Bypoll
2002,Andhra Pradesh,Amalapuram,9,Ganti Vijaya Kumari,Female,Telugu Desam Party,TDP,997557,376457,90.82,0,OTH,Bypoll
2002,Andhra Pradesh,Deverakonda (ST),0,Smt. Deeravath Bharathi,Female,Indian National Congress,INC,181197,0,0,0,OTH,Bypoll
2002,Andhra Pradesh,Medak,0,Karanam Uma Devi,Female,Telugu Desam Party,TDP,170857,116729,37.23,0,OTH,Bypoll
2003,Andhra Pradesh,Karwan,0,Mohd. Muqtada Khan,Male,All India Majlis-e-Ittehadul Muslimeen,Kite,295902,130831,51.51,0,OTH,Bypoll
2004,Andhra Pradesh,Asafnagar,0,Mohd Moazam Khan,Male,All India Majlis-e-Ittehadul Muslimeen,Kite,184868,70311,36.58,0,OTH,Bypoll
2004,Andhra Pradesh,Siddipet,0,Harish Rao. T,Male,Bharat Rashtra Samithi,BRS,167565,115460,55.76,0,OTH,Bypoll
2005,Andhra Pradesh,Makthal,0,Chittemram Mohan Reddy,Male,Indian National Congress,INC,184294,98886,65.61,0,OTH,Bypoll
2005,Andhra Pradesh,Penukonda,166,Paritala Sunithamma,Female,Telugu Desam Party,TDP,168774,119544,54.98,0,OTH,Bypoll
2006,Andhra Pradesh,Bobbili,3,Jhansi Lakshmi Botcha,Female,Indian National Congress,INC,1015497,703400,47.52,0,OTH,Bypoll
2006,Andhra Pradesh,Karimnagar,37,K. Chandra Shakher Rao,Male,Bharat Rashtra Samithi,BRS,1419685,793932,47.61,0,OTH,Bypoll
2006,Andhra Pradesh,Visakhapatnam-I,24,Dronamraju Satyanarayana,Male,Indian National Congress,INC,132586,58882,59.21,0,OTH,Bypoll
2008,Andhra Pradesh,Adilabad,35,Allola Indrakaran Reddy,Male,Indian National Congress,INC,1154367,811465,34.12,0,OTH,Bypoll
2008,Andhra Pradesh,Alair,0,Dr. Kududula Nagesh,Male,Bharat Rashtra Samithi,BRS,163195,116810,39.27,0,OTH,Bypoll
2008,Andhra Pradesh,Cheriyal,0,Pratap Reddy Kommuri,Male,Bharat Rashtra Samithi,BRS,149495,96133,47.1,0,OTH,Bypoll
2008,Andhra Pradesh,Dichpalli,0,Akula Lalitha,Female,Indian National Congress,INC,152024,106795,37.22,0,OTH,Bypoll
2008,Andhra Pradesh,Dommat,0,Solipeta Ramlinga Reddy,Male,Bharat Rashtra Samithi,BRS,147107,106820,39.64,0,OTH,Bypoll
2008,Andhra Pradesh,Ghanpur,0,Kadiyam Sri Hari,Male,Telugu Desam Party,TDP,159817,110894,35.76,0,OTH,Bypoll
2008,Andhra Pradesh,Hanamkonda,38,Boianapalli Vinod Kumar,Male,Bharat Rashtra Samithi,BRS,1256358,767414,41.09,0,OTH,Bypoll
2008,Andhra Pradesh,Huzurabad,0,Capt. V. L. Kantha Rao,Male,Bharat Rashtra Samithi,BRS,188123,119752,44.72,0,OTH,Bypoll
2008,Andhra Pradesh,Jadcherla,0,Dr. Mallu Ravi,Male,Indian National Congress,INC,180894,120678,37.43,0,OTH,Bypoll
2008,Andhra Pradesh,Kamalapur,0,Etala Rajender,Male,Bharat Rashtra Samithi,BRS,187708,121455,44.53,0,OTH,Bypoll
2008,Andhra Pradesh,Karimnagar,37,K. Chandra Shekhar Rao,Male,Bharat Rashtra Samithi,BRS,1452946,735241,36.66,0,OTH,Bypoll
2008,Andhra Pradesh,Khairatabad,0,P. Vishnuvardhan Reddy,Male,Indian National Congress,INC,1049850,380145,66.99,0,OTH,Bypoll
2008,Andhra Pradesh,Khanapur,0,Suman Ramesh Rathod,Female,Telugu Desam Party,TDP,159421,108064,37.19,0,OTH,Bypoll
2008,Andhra Pradesh,Musheerabad,0,T. Manemma,Female,Indian National Congress,INC,222999,111442,31.22,0,OTH,Bypoll
2008,Andhra Pradesh,Myadaram,0,Koppula Eshwar,Male,Bharat Rashtra Samithi,BRS,288461,136208,45.6,0,OTH,Bypoll
2008,Andhra Pradesh,Secunderabad,0,Talasani Srinivas Yadav,Male,Telugu Desam Party,TDP,208181,120487,41.52,0,OTH,Bypoll
2008,Andhra Pradesh,Siddipet,0,Tanneru Harish Rao,Male,Bharat Rashtra Samithi,BRS,179272,113405,67.25,0,OTH,Bypoll
2008,Andhra Pradesh,Therlam,12,Thentu Lakshmu Naidu,Male,Telugu Desam Party,TDP,139040,75094,74.39,0,OTH,Bypoll
2008,Andhra Pradesh,Vikarabad,0,G. Prasad Kumar,Male,Indian National Congress,INC,184735,125601,53.99,0,OTH,Bypoll
2008,Andhra Pradesh,Warangal,39,Errabelli Dayakar Rao,Male,Telugu Desam Party,TDP,1247939,843499,34.06,0,OTH,Bypoll
2008,Andhra Pradesh,Yellareddy,0,Janardhan Goud B.,Male,Indian National Congress,INC,165676,119555,39.17,0,OTH,Bypoll
2009,Andhra Pradesh,Pulivendla,0,Y. S. Vijayamma,Female,Indian National Congress,INC,0,0,100,0,OTH,Bypoll
2009,Andhra Pradesh,Tekkali,122,Korla Bharathi,Female,Indian National Congress,INC,179606,133041,44.54,0,OTH,Bypoll
2010,Andhra Pradesh,Chennur,2,Nallala Odelu,Male,Bharat Rashtra Samithi,BRS,149252,112300,60.45,0,OTH,Bypoll
2010,Andhra Pradesh,Dharmapuri,22,E. Koppula,Male,Bharat Rashtra Samithi,BRS,191950,127577,67.97,0,OTH,Bypoll
2010,Andhra Pradesh,Huzurabad,31,E. Rajender,Male,Bharat Rashtra Samithi,BRS,202359,138105,67.36,0,OTH,Bypoll
2010,Andhra Pradesh,Koratla,20,K. V. S. Rao,Male,Bharat Rashtra Samithi,BRS,193557,124453,64.68,0,OTH,Bypoll
2010,Andhra Pradesh,Mancherial,4,Aravind Reddy Gaddam,Male,Bharat Rashtra Samithi,BRS,202384,130251,73.17,0,OTH,Bypoll
2010,Andhra Pradesh,Nizamabad Urban,17,Endala Lakshmi Narayana,Male,Bharatiya Janata Party,BJP,267338,120822,53.12,0,OTH,Bypoll
2010,Andhra Pradesh,Siddipet,33,T. Harish Rao,Male,Bharat Rashtra Samithi,BRS,186329,132422,82.16,0,OTH,Bypoll
2010,Andhra Pradesh,Sircilla,29,K. T. Rama Rao,Male,Bharat Rashtra Samithi,BRS,211463,133039,66.05,0,OTH,Bypoll
2010,Andhra Pradesh,Sirpur,1,Kaveti Sammaiah,Male,Bharat Rashtra Samithi,BRS,155377,127084,44.27,0,OTH,Bypoll
2010,Andhra Pradesh,Vemulawada,28,Ramesh Chennamaneni,Male,Bharat Rashtra Samithi,BRS,184652,120987,65.42,0,OTH,Bypoll
2010,Andhra Pradesh,Warangal West,105,O. V. Bhaskar,Male,Bharat Rashtra Samithi,BRS,224209,118171,74.85,0,OTH,Bypoll
2010,Andhra Pradesh,Yellareddy,15,Eanugu Ravinder Reddy,Male,Bharat Rashtra Samithi,BRS,190358,138610,52.3,0,OTH,Bypoll
2011,Andhra Pradesh,Banswada,14,Pocharam Srinivas Reddy,Male,Bharat Rashtra Samithi,BRS,159732,122871,67.75,0,OTH,Bypoll
2011,Andhra Pradesh,Kadapa,38,Y.S. JAGAN MOHAN REDDY,Male,Yuvajana Sramika Rythu Congress Party,Ceiling Fan,1329626,1030978,67.15,0,OTH,Bypoll
2011,Andhra Pradesh,Pulivendla,0,Y. S. Vijayamma,Female,Yuvajana Sramika Rythu Congress Party,CEILING FAN,189246,157098,70.09,0,OTH,Bypoll
2014,Andhra Pradesh,Allagadda,0,Bhuma Akhila Priya Reddy,Female,Yuvajana Sramika Rythu Congress Party,CEILING FAN,205624,0,100,0,OTH,Bypoll
2014,Andhra Pradesh,Nandigama,0,Tangirala Sowmya,Female,Telugu Desam Party,TDP,184511,140685,70.18,0,OTH,Bypoll
2015,Andhra Pradesh,Kalva Kurthy,135,Chittem Rammohan Reddy,Male,Indian National Congress,INC,198294,151002,41.52,0,OTH,Bypoll
2015,Andhra Pradesh,Tirupati,167,Mannuru Suguna,Female,Telugu Desam Party,TDP,294993,145064,86.96,0,OTH,Bypoll
2017,Andhra Pradesh,Nandyal,139,B. Brahmananda Reddy,Male,Telugu Desam Party,TDP,219108,171956,56.05,0,OTH,Bypoll
2021,Andhra Pradesh,Badvel,124,Dasari Sudha,Female,Yuvajana Sramika Rythu Congress Party,CEILING FAN,216206,143513,78.19,0,OTH,Bypoll
2021,Andhra Pradesh,Tirupathi,23,MADDILA GURUMOORTHY,Male,Yuvajana Sramika Rythu Congress Party,Ceiling Fan,1711195,1105468,57.48,0,OTH,Bypoll
2022,Andhra Pradesh,Atmakur,115,Mekapati Vikram Reddy,Male,Yuvajana Sramika Rythu Congress Party,CEILING FAN,213400,133107,76.81,0,OTH,Bypoll
1996,Arunachal Pradesh,Basar (ST),29,Jobom Basar,Male,Independent,IND,0,0,0,0,OTH,Bypoll
1996,Arunachal Pradesh,Namsang (ST),54,Changkom Hondik,Male,Indian National Congress,INC,7742,5758,50.95,0,OTH,Bypoll
2001,Arunachal Pradesh,Pakke Kessang (ST),12,Nyani Natung,Female,Indian National Congress,INC,6728,5010,62.58,0,OTH,Bypoll
2002,Arunachal Pradesh,Daporijo (ST),24,Yari Dulom,Female,Indian National Congress,INC,14951,9331,65.81,0,OTH,Bypoll
2004,Arunachal Pradesh,Roing,43,Mukut Mithi,Male,Indian National Congress,INC,9938,6337,60.55,0,OTH,Bypoll
2009,Arunachal Pradesh,Arunachal East,2,Ninong Ering,Male,Indian National Congress,INC,301173,214930,53.7,0,OTH,Bypoll
2009,Arunachal Pradesh,Arunachal West,1,Takam Sanjoy,Male,Indian National Congress,INC,433368,285666,49.15,0,OTH,Bypoll
2009,Arunachal Pradesh,Basar,29,Gojen Gadi,Male,Indian National Congress,INC,16904,13864,82,0,OTH,Bypoll
2009,Arunachal Pradesh,Daporijo,24,Tapen Siga,Male,Bharatiya Janata Party,BJP,17152,12764,74.4,0,OTH,Bypoll
2009,Arunachal Pradesh,Dirang,4,Phurpa Tsering,Male,People's Party of Arunachal,Maize,13760,11703,85.1,0,OTH,Bypoll
2009,Arunachal Pradesh,Hayuliang,45,Kalikho Pul,Male,Indian National Congress,INC,11105,9600,88.5,0,OTH,Bypoll
2009,Arunachal Pradesh,Itanagar,13,Techi Kaso,Male,Nationalist Congress Party,NCP,57979,29556,51,0,OTH,Bypoll
2009,Arunachal Pradesh,Lumla,1,Jambey Tashi,Male,Indian National Congress,INC,8022,0,0,0,OTH,Bypoll
2009,Arunachal Pradesh,Mukto,3,Dorjee Khandu,Male,Indian National Congress,INC,6916,0,0,0,OTH,Bypoll
2009,Arunachal Pradesh,Namsang,54,Wangki Lowang,Male,Indian National Congress,INC,8420,6734,63.7,0,OTH,Bypoll
2009,Arunachal Pradesh,Pakke Kessang,12,Atum Welly,Male,Indian National Congress,INC,6426,5703,88.7,0,OTH,Bypoll
2009,Arunachal Pradesh,Roing,43,Laeta Umbrey,Male,All India Trinamool Congress,AITC,10420,8341,63.8,0,OTH,Bypoll
2009,Arunachal Pradesh,Sagalee,15,Nabam Tuki,Male,Indian National Congress,INC,12005,9600,80,0,OTH,Bypoll
2009,Arunachal Pradesh,Tawang,2,Tsewang Dhondup,Male,Indian National Congress,INC,9812,0,0,0,OTH,Bypoll
2011,Arunachal Pradesh,Mukto (ST),3,Pema Khandu,Male,Indian National Congress,INC,6783,0,0,0,OTH,Bypoll
2014,Arunachal Pradesh,Arunachal East,2,Ninong Ering,Male,Indian National Congress,INC,312872,263157,45.33,0,OTH,Bypoll
2014,Arunachal Pradesh,Arunachal West,1,Kiren Rijiju,Male,Bharatiya Janata Party,BJP,446515,337671,50.46,0,OTH,Bypoll
2014,Arunachal Pradesh,Dirang,4,Phurpa Tsering,Male,Indian National Congress,INC,13351,0,0,0,OTH,Bypoll
2014,Arunachal Pradesh,Doimukh,14,Nabam Rebia,Male,Indian National Congress,INC,23474,0,0,0,OTH,Bypoll
2014,Arunachal Pradesh,Kanubari (ST),58,Gabriel Denwang Wangsu,Male,Indian National Congress,INC,10406,0,54.62,0,OTH,Bypoll
2014,Arunachal Pradesh,Mebo,39,Lombo Tayeng,Male,Indian National Congress,INC,10950,0,0,0,OTH,Bypoll
2014,Arunachal Pradesh,Mukto,3,Pema Khandu,Male,Indian National Congress,INC,7120,0,0,0,OTH,Bypoll
2014,Arunachal Pradesh,Nacho,22,Tanga Byaling,Male,Indian National Congress,INC,10455,0,0,0,OTH,Bypoll
2014,Arunachal Pradesh,Nyapin,19,Bamang Felix,Male,Indian National Congress,INC,11632,0,0,0,OTH,Bypoll
2014,Arunachal Pradesh,Pakke-Kessang,12,Kameng Dolo,Male,Indian National Congress,INC,6904,0,0,0,OTH,Bypoll
2014,Arunachal Pradesh,Palin,18,Takam Pario,Male,Indian National Congress,INC,13811,0,0,0,OTH,Bypoll
2014,Arunachal Pradesh,Sagalee,15,Nabam Tuki,Male,Indian National Congress,INC,12570,0,0,0,OTH,Bypoll
2014,Arunachal Pradesh,Seppa West,11,Mama Natung,Male,Indian National Congress,INC,6207,0,0,0,OTH,Bypoll
2014,Arunachal Pradesh,Taliha,23,Punji Mara,Male,Indian National Congress,INC,9541,0,0,0,OTH,Bypoll
2015,Arunachal Pradesh,Liromoba (ST),27,Nyamar Karbak,Male,Indian National Congress,INC,11667,10490,36.33,0,OTH,Bypoll
2016,Arunachal Pradesh,Hayuliang (ST),45,Dasanglu Pul,Female,Bharatiya Janata Party,BJP,11036,9822,54.85,0,OTH,Bypoll
2017,Arunachal Pradesh,Likabali,28,Kardo Nyigyor,Male,Bharatiya Janata Party,BJP,10608,7677,72.37,0,OTH,Bypoll
2017,Arunachal Pradesh,Pakke-Kessang,12,Biyuram Wahge,Male,Bharatiya Janata Party,BJP,7468,6727,90.08,0,OTH,Bypoll
2023,Arunachal Pradesh,Lumla,1,Tsering Lhamu,Female,Bharatiya Janata Party,BJP,9214,0,100,0,OTH,Bypoll
1966,Assam,Mangaldai,0,Fakhruddin Ali Ahmed,Male,Indian National Congress,INC,0,0,0,0,OTH,Bypoll
1975,Assam,Nalbari,0,Hiteswar Saikia,Male,Indian National Congress,INC,0,0,0,0,OTH,Bypoll
1985,Assam,Jorhat,0,Prafulla Kumar Mahanta,Male,Asom Gana Parishad,AGP,0,0,0,0,OTH,Bypoll
1990,Assam,Kamrup,0,Bhumidhar Barman,Male,Indian National Congress,INC,0,0,0,0,OTH,Bypoll
1996,Assam,Guwahati,0,Himanta Biswa Sarma,Male,Indian National Congress,INC,0,0,0,0,OTH,Bypoll
2002,Assam,Silchar,0,Kabindra Purkayastha,Male,Bharatiya Janata Party,BJP,0,0,0,0,OTH,Bypoll
2005,Assam,Nowgong,0,Rajen Gohain,Male,Bharatiya Janata Party,BJP,0,0,0,0,OTH,Bypoll
2009,Assam,Mangaldai,0,Ramen Deka,Male,Bharatiya Janata Party,BJP,0,0,0,0,OTH,Bypoll
2014,Assam,Barpeta,0,Sirajuddin Ajmal,Male,All India United Democratic Front,ALL I,0,0,0,0,OTH,Bypoll
2016,Assam,Lakhimpur,0,Pradan Baruah,Male,Bharatiya Janata Party,BJP,0,0,0,0,OTH,Bypoll
2019,Assam,Ratabari,0,Krishnendu Paul,Male,Bharatiya Janata Party,BJP,0,0,0,0,OTH,Bypoll
2020,Assam,Bodoland,0,Pramod Bodo,Male,United Peoples Party Liberal,UPPL,0,0,0,0,OTH,Bypoll
2022,Assam,Nagaon,0,Rupjyoti Kurmi,Male,Indian National Congress,INC,0,0,0,0,OTH,Bypoll
2023,Assam,Tamulpur,0,Jolen Daimary,Male,United Peoples Party Liberal,UPPL,0,0,0,0,OTH,Bypoll
2024,Assam,Samaguri,0,Diplu Ranjan Sarma,Male,Bharatiya Janata Party,BJP,0,0,0,0,OTH,Bypoll
1971,Bihar,Chapra,7,Ramdeo Singh,Male,Indian National Congress,INC,620000,308760,49.8,0,OTH,Bypoll
1977,Bihar,Patna,8,Ram Nath Pandey,Male,Bharatiya Lok Dal,BLD,745000,390380,52.4,0,OTH,Bypoll
1980,Bihar,Begusarai,9,Yogendra Sharma,Male,Communist Party of India,CPI,770000,374220,48.6,0,OTH,Bypoll
1980,Bihar,Buxar,10,Anant Sharma,Male,Indian National Congress,INC,790000,373670,47.3,0,OTH,Bypoll
1984,Bihar,Barh,14,Prakash Chandra,Male,Indian National Congress,INC,850000,455600,53.6,0,OTH,Bypoll
1984,Bihar,Gopalganj,12,Kali Prasad,Male,Indian National Congress,INC,785000,414480,52.8,0,OTH,Bypoll
1984,Bihar,Hajipur,13,Ram Ratan Ram,Male,Indian National Congress,INC,835000,451735,54.1,0,OTH,Bypoll
1984,Bihar,Samastipur,11,Lalu Prasad Yadav,Male,Indian National Congress,INC,910000,502320,55.2,0,OTH,Bypoll
1991,Bihar,Jharia,0,A. Devi,Female,Janata Dal,JD,0,0,0,0,OTH,Bypoll
1991,Bihar,Patna,15,Ram Lakhan Singh Yadav,Male,Janata Dal,JD,1175000,612225,52.1,0,OTH,Bypoll
1991,Bihar,Purnea,16,Taslimudin,Male,Janata Dal,JD,925000,469900,50.8,0,OTH,Bypoll
1993,Bihar,Paliganj,46,Suresh Pasi,Male,Samajwadi Party,SP,185000,89725,48.5,0,OTH,Bypoll
1996,Bihar,Mashrakh,48,Ram Lakhan Yadav,Male,Rashtriya Janata Dal,RJD,210000,104580,49.8,0,OTH,Bypoll
1996,Bihar,Paliganj,47,Janardan Sharma,Male,Bharatiya Janata Party,BJP,198000,99396,50.2,0,OTH,Bypoll
1998,Bihar,Adapur,51,Shyam Bihari Prasad,Male,Rashtriya Janata Dal,RJD,205000,101270,49.4,0,OTH,Bypoll
1998,Bihar,Belaganj,53,Mahesh Singh Yadav,Male,Rashtriya Janata Dal,RJD,248000,129208,52.1,0,OTH,Bypoll
1998,Bihar,Koderma,50,Annapurna Devi,Female,Rashtriya Janata Dal,RJD,215000,108790,50.6,0,OTH,Bypoll
1998,Bihar,Purnia,52,Madhvi Sarkar,Female,Communist Party of India (Marxist),CPM,235000,112330,47.8,0,OTH,Bypoll
1998,Bihar,Sheohar,49,Thakur Ratnakar,Male,Rashtriya Janata Dal,RJD,225000,115425,51.3,0,OTH,Bypoll
2002,Bihar,Govindganj,54,Ramnath,Male,Independent,IND,220000,101860,46.3,0,OTH,Bypoll
2003,Bihar,Barachatti,57,Krishna Mohan Yadav,Male,Rashtriya Janata Dal,RJD,243000,115425,47.5,0,OTH,Bypoll
2003,Bihar,Fatwa,56,Ram Vilas Ram,Male,Janata Dal (United),JDU,265000,127730,48.2,0,OTH,Bypoll
2003,Bihar,Sitamarhi,55,Sunil Kumar,Male,Rashtriya Janata Dal,RJD,275000,136400,49.6,0,OTH,Bypoll
2004,Bihar,Madhepura,1,Rajesh Ranjan alias Pappu Yadav,Male,Rashtriya Janata Dal,RJD,1187000,644541,54.3,0,OTH,Bypoll
2005,Bihar,Adapur,13,Shyam Bihari Prasad,Male,Janata Dal (United),JDU,0,44714,0,0,GEN,Bypoll
2005,Bihar,Alamnagar,123,Narendra Nr. Yadav,Male,Janata Dal (United),JDU,0,39676,0,0,GEN,Bypoll
2005,Bihar,Alauli,166,Pashupati Kumar Paras,Male,Lok Jan Shakti Party,LJP,0,40870,0,0,SC,Bypoll
2005,Bihar,Amarpur,154,Surendra Prasad Singh,Male,Rashtriya Janata Dal,RJD,0,33679,0,0,GEN,Bypoll
2005,Bihar,Amaur,136,Abdul Jalil Mastan,Male,Indian National Congress,INC,0,48009,0,0,GEN,Bypoll
2005,Bihar,Araria,130,Pradeep Kumar Singh,Male,Bharatiya Janata Party,BJP,0,36089,0,0,GEN,Bypoll
2005,Bihar,Arrah,198,Amrendra Pratap Singh,Male,Bharatiya Janata Party,BJP,0,53489,0,0,GEN,Bypoll
2005,Bihar,Arwal,224,Dular Chand Singh,Male,Lok Jan Shakti Party,LJP,0,33810,0,0,GEN,Bypoll
2005,Bihar,Asthawan,175,Jitendra Kumar,Male,Janata Dal (United),JDU,0,40474,0,0,GEN,Bypoll
2005,Bihar,Atri,238,Rajendra Prasad Yadav,Male,Rashtriya Janata Dal,RJD,0,63921,0,0,GEN,Bypoll
2005,Bihar,Aurai,62,Arjun Ray,Male,Janata Dal (United),JDU,0,52327,0,0,GEN,Bypoll
2005,Bihar,Aurangabad,220,Ramadhar Singh,Male,Bharatiya Janata Party,BJP,0,68726,0,0,GEN,Bypoll
2005,Bihar,Babubarhi,77,Kapil Deb Kamat,Male,Janata Dal (United),JDU,0,39826,0,0,GEN,Bypoll
2005,Bihar,Bachhwara,107,Ramdeo Rai,Male,Independent,IND,0,39328,0,0,GEN,Bypoll
2005,Bihar,Bagaha,2,Purnmasi Ram,Male,Janata Dal (United),JDU,0,60794,0,0,SC,Bypoll
2005,Bihar,Bahadurganj,133,Md. Tousif Alam,Male,Indian National Congress,INC,0,58938,0,0,GEN,Bypoll
2005,Bihar,Bahera,85,Abdul Bari Siddiqui,Male,Rashtriya Janata Dal,RJD,0,44681,0,0,GEN,Bypoll
2005,Bihar,Baheri,87,Harekrishna Yadav,Male,Rashtriya Janata Dal,RJD,0,44770,0,0,GEN,Bypoll
2005,Bihar,Baikunthpur,26,Deo Dutt Prasad,Male,Rashtriya Janata Dal,RJD,0,44291,0,0,GEN,Bypoll
2005,Bihar,Baisi,137,Syed Ruknudin,Male,Independent,IND,0,30153,0,0,GEN,Bypoll
2005,Bihar,Bakhri,109,Ram Binod Paswan,Male,Communist Party of India,CPI,0,37876,0,0,SC,Bypoll
2005,Bihar,Bakhtiarpur,185,Vinode Yadav,Male,Bharatiya Janata Party,BJP,0,35774,0,0,GEN,Bypoll
2005,Bihar,Balia,103,Jamshed Asraf,Male,Janata Dal (United),JDU,0,46987,0,0,GEN,Bypoll
2005,Bihar,Baniapur,36,Manoranjan Singh,Male,Lok Jan Shakti Party,LJP,0,32724,0,0,GEN,Bypoll
2005,Bihar,Banka,156,Ram Narayan Mandal,Male,Bharatiya Janata Party,BJP,0,44470,0,0,GEN,Bypoll
2005,Bihar,Banmankhi,126,Krishna Kumar Rishi,Male,Bharatiya Janata Party,BJP,0,38140,0,0,SC,Bypoll
2005,Bihar,Barachatti,236,Vijay Kumar,Male,Rashtriya Janata Dal,RJD,0,53455,0,0,SC,Bypoll
2005,Bihar,Barari,141,Bibhash Chandra.,Male,Bharatiya Janata Party,BJP,0,38493,0,0,GEN,Bypoll
2005,Bihar,Barauli,25,Ram Pravesh Rai,Male,Bharatiya Janata Party,BJP,0,38235,0,0,GEN,Bypoll
2005,Bihar,Barauni,106,Rajendra Prasad Singh,Male,Communist Party of India,CPI,0,44451,0,0,GEN,Bypoll
2005,Bihar,Barbigha,174,Ashok Chaudhary,Male,Indian National Congress,INC,0,40319,0,0,SC,Bypoll
2005,Bihar,Barh,184,Gyanendra Kumar Singh,Male,Janata Dal (United),JDU,0,37667,0,0,GEN,Bypoll
2005,Bihar,Barhara,197,Asha Devi,Female,Janata Dal (United),JDU,0,41129,0,0,GEN,Bypoll
2005,Bihar,Barsoi,144,Mahbub Alam,Male,Communist Party of India (Marxist-Leninist) (Liberation),CPI(ML)(L),0,45451,0,0,GEN,Bypoll
2005,Bihar,Baruraj,55,Brij Kishor Singh,Male,Rashtriya Janata Dal,RJD,0,33788,0,0,GEN,Bypoll
2005,Bihar,Basantpur,27,Manikchand Rai,Male,Rashtriya Janata Dal,RJD,0,47922,0,0,GEN,Bypoll
2005,Bihar,Bathnaha,68,Nagina Devi,Female,Lok Jan Shakti Party,LJP,0,35640,0,0,GEN,Bypoll
2005,Bihar,Begusarai,105,Bhola Singh,Male,Bharatiya Janata Party,BJP,0,39768,0,0,GEN,Bypoll
2005,Bihar,Belaganj,229,Surendra Prasad Yadav,Male,Rashtriya Janata Dal,RJD,0,59154,0,0,GEN,Bypoll
2005,Bihar,Belhar,157,Janardan Manjhi,Male,Janata Dal (United),JDU,0,32970,0,0,GEN,Bypoll
2005,Bihar,Belsand,65,Sanjay Kumar Gupta,Male,Rashtriya Janata Dal,RJD,0,30899,0,0,GEN,Bypoll
2005,Bihar,Benipatti,73,Shaligram Yadav,Male,Janata Dal (United),JDU,0,38825,0,0,GEN,Bypoll
2005,Bihar,Bettiah,8,Renu Devi,Female,Bharatiya Janata Party,BJP,0,55184,0,0,GEN,Bypoll
2005,Bihar,Bhabhua,212,Ram Chandra Singh,Male,Bahujan Samaj Party,BSP,0,37778,0,0,GEN,Bypoll
2005,Bihar,Bhagalpur,150,Ashwani Kumar Chubey,Male,Bharatiya Janata Party,BJP,0,53765,0,0,GEN,Bypoll
2005,Bihar,Bhore,22,Anil Kumar,Male,Rashtriya Janata Dal,RJD,0,34299,0,0,SC,Bypoll
2005,Bihar,Bibhutpur,99,Ram Deo Verma,Male,Communist Party of India (Marxist),CPM,0,54616,0,0,GEN,Bypoll
2005,Bihar,Bihar,176,Dr. Sunil Kumar,Male,Janata Dal (United),JDU,0,74752,0,0,GEN,Bypoll
2005,Bihar,Bihpur,152,Shalaish Kumar Alias,Male,Rashtriya Janata Dal,RJD,0,49115,0,0,GEN,Bypoll
2005,Bihar,Bikram,194,Anil Kumar,Male,Lok Jan Shakti Party,LJP,0,46150,0,0,GEN,Bypoll
2005,Bihar,Bikramganj,208,Jai Kumar Singh,Male,Janata Dal (United),JDU,0,41765,0,0,GEN,Bypoll
2005,Bihar,Bisfi,74,Hari Bhushan Thakur,Male,Independent,IND,0,33772,0,0,GEN,Bypoll
2005,Bihar,Bochaha,60,Ramai Ram,Male,Rashtriya Janata Dal,RJD,0,50956,0,0,SC,Bypoll
2005,Bihar,Bodh Gaya,235,Phoolchand Manjhi,Male,Rashtriya Janata Dal,RJD,0,45164,0,0,SC,Bypoll
2005,Bihar,Brahmpur,200,Ajit Choudhary,Male,Rashtriya Janata Dal,RJD,0,33632,0,0,GEN,Bypoll
2005,Bihar,Buxar,201,Hriday Narayan Singh,Male,Bahujan Samaj Party,BSP,0,46192,0,0,GEN,Bypoll
2005,Bihar,Chainpur,213,Mahabali Singh,Male,Rashtriya Janata Dal,RJD,0,39988,0,0,GEN,Bypoll
2005,Bihar,Chakai,159,Abhay Singh,Male,Lok Jan Shakti Party,LJP,0,27948,0,0,GEN,Bypoll
2005,Bihar,Chandi,181,Hari Narayan Singh,Male,Janata Dal (United),JDU,0,37186,0,0,GEN,Bypoll
2005,Bihar,Chanpatia,7,Satish Chandra Dubey,Male,Bharatiya Janata Party,BJP,0,42960,0,0,GEN,Bypoll
2005,Bihar,Chapra,41,Ram Pravesh Ray,Male,Janata Dal (United),JDU,0,40371,0,0,GEN,Bypoll
2005,Bihar,Chautham,164,Panna Lal Singh 'Patel',Male,Janata Dal (United),JDU,0,30292,0,0,GEN,Bypoll
2005,Bihar,Chenari,215,Lalan Paswan,Male,Janata Dal (United),JDU,0,51741,0,0,SC,Bypoll
2005,Bihar,Cheria Bariarpur,108,Anil Chaudhary,Male,Lok Jan Shakti Party,LJP,0,32892,0,0,GEN,Bypoll
2005,Bihar,Chhatapur,114,Vishwa Mohan Bharti,Male,Janata Dal (United),JDU,0,39949,0,0,SC,Bypoll
2005,Bihar,Colgong,148,Ajay Kumar Mandal,Male,Janata Dal (United),JDU,0,58640,0,0,GEN,Bypoll
2005,Bihar,Dalsinghsarai,98,Sheel Kumar Roy,Male,Lok Jan Shakti Party,LJP,0,52497,0,0,GEN,Bypoll
2005,Bihar,Darauli,31,Amar Nath Yadav,Male,Communist Party of India (Marxist-Leninist) (Liberation),CPI(ML)(L),0,30355,0,0,GEN,Bypoll
2005,Bihar,Darbhanga,89,Sanjay Saraogi,Male,Bharatiya Janata Party,BJP,0,53263,0,0,GEN,Bypoll
2005,Bihar,Darbhanga Rural,88,Pitambar Paswan,Male,Rashtriya Janata Dal,RJD,0,34392,0,0,SC,Bypoll
2005,Bihar,Dehri,217,Pradeep Kumar Joshi,Male,Independent,IND,0,70558,0,0,GEN,Bypoll
2005,Bihar,Deo,219,Renu Devi,Male,Janata Dal (United),JDU,0,32677,0,0,SC,Bypoll
2005,Bihar,Dhaka,14,Awaneesh Kumar Singh,Male,Bharatiya Janata Party,BJP,0,33162,0,0,GEN,Bypoll
2005,Bihar,Dhamdaha,125,Leshi Singh,Male,Janata Dal (United),JDU,0,40587,0,0,GEN,Bypoll
2005,Bihar,Dhanaha,1,Rajesh Singh,Male,Rashtriya Janata Dal,RJD,0,19389,0,0,GEN,Bypoll
2005,Bihar,Dhuraiya,155,Bhudeo Choudhary,Male,Janata Dal (United),JDU,0,47697,0,0,SC,Bypoll
2005,Bihar,Dinapur,191,Asha Devi,Female,Bharatiya Janata Party,BJP,0,49989,0,0,GEN,Bypoll
2005,Bihar,Dinara,209,Sita Sundari Devi,Female,Bahujan Samaj Party,BSP,0,41938,0,0,GEN,Bypoll
2005,Bihar,Dumraon,203,Dadan Singh,Male,AJVD,AJVD,0,31089,0,0,GEN,Bypoll
2005,Bihar,Fatehpur,237,Ajay Paswan,Male,Rashtriya Janata Dal,RJD,0,36231,0,0,SC,Bypoll
2005,Bihar,Fatwa,186,Saryug Paswan,Male,Janata Dal (United),JDU,0,38373,0,0,SC,Bypoll
2005,Bihar,Forbesganj,129,Laxmi Narayan Mehta,Male,Bharatiya Janata Party,BJP,0,63654,0,0,GEN,Bypoll
2005,Bihar,Gaighatti,61,Maheshwar Prasad,Male,Rashtriya Janata Dal,RJD,0,34081,0,0,GEN,Bypoll
2005,Bihar,Garkha,42,Raghunandan Manjhi,Male,Independent,IND,0,28787,0,0,SC,Bypoll
2005,Bihar,Gaya Muffasil,231,Awadhesh Kumar Singh,Male,Independent,IND,0,57403,0,0,GEN,Bypoll
2005,Bihar,Gaya Town,232,Prem Kumar,Male,Bharatiya Janata Party,BJP,0,48099,0,0,GEN,Bypoll
2005,Bihar,Ghanshyampur,86,Dr. Mahavir Prasad,Male,Rashtriya Janata Dal,RJD,0,35110,0,0,GEN,Bypoll
2005,Bihar,Ghorasahan,15,Laxmi Narayan Prasad,Male,Rashtriya Janata Dal,RJD,0,30951,0,0,GEN,Bypoll
2005,Bihar,Ghosi,228,Jagdish Sharma,Male,Independent,IND,0,55262,0,0,GEN,Bypoll
2005,Bihar,Gobindganj,20,Meena Devi,Female,Janata Dal (United),JDU,0,35743,0,0,GEN,Bypoll
2005,Bihar,Gobindpur,241,Kaushal Yadav,Male,Independent,IND,0,65224,0,0,GEN,Bypoll
2005,Bihar,Goh,223,Dr. Ranvijay Kumar,Male,Janata Dal (United),JDU,0,27812,0,0,GEN,Bypoll
2005,Bihar,Gopalganj,24,Shubash Singh,Male,Bharatiya Janata Party,BJP,0,39205,0,0,GEN,Bypoll
2005,Bihar,Gopalpur,151,Amit Rana,Male,Rashtriya Janata Dal,RJD,0,54338,0,0,GEN,Bypoll
2005,Bihar,Goreakothi,28,Indradeo Prasad,Male,Rashtriya Janata Dal,RJD,0,36972,0,0,GEN,Bypoll
2005,Bihar,Gurua,234,Shakeel Ahmad Khan,Male,Rashtriya Janata Dal,RJD,0,48966,0,0,GEN,Bypoll
2005,Bihar,Hajipur,45,Nityanand Roy,Male,Bharatiya Janata Party,BJP,0,53910,0,0,GEN,Bypoll
2005,Bihar,Harlakhi,75,Ram Naresh Pandey,Male,Communist Party of India,CPI,0,38825,0,0,GEN,Bypoll
2005,Bihar,Harnaut,182,Sunil Kumar,Male,Janata Dal (United),JDU,0,45909,0,0,GEN,Bypoll
2005,Bihar,Harsidhi,19,Awadhesh Prasad,Male,Lok Jan Shakti Party,LJP,0,36755,0,0,GEN,Bypoll
2005,Bihar,Hasanpur,102,Sunil Kumar Pushpam,Male,Rashtriya Janata Dal,RJD,0,31553,0,0,GEN,Bypoll
2005,Bihar,Hayaghat,92,Harinandan Yadav,Male,Rashtriya Janata Dal,RJD,0,25841,0,0,GEN,Bypoll
2005,Bihar,Hilsa,180,Ramcharitra Prasad,Male,Janata Dal (United),JDU,0,41371,0,0,GEN,Bypoll
2005,Bihar,Hisua,243,Anil Singh,Male,Bharatiya Janata Party,BJP,0,43276,0,0,GEN,Bypoll
2005,Bihar,Imamganj,233,Uday Narayan,Male,Janata Dal (United),JDU,0,30665,0,0,SC,Bypoll
2005,Bihar,Islampur,179,Ramswaroop Prasad,Male,Janata Dal (United),JDU,0,46510,0,0,GEN,Bypoll
2005,Bihar,Jagdishpur,204,Sri Bhagwan Singh,Male,Janata Dal (United),JDU,0,41992,0,0,GEN,Bypoll
2005,Bihar,Jahanabad,227,Sachita Nand Yadav,Male,Rashtriya Janata Dal,RJD,0,42729,0,0,GEN,Bypoll
2005,Bihar,Jalalpur,40,Janardan Singh Sigriwal,Male,Bharatiya Janata Party,BJP,0,45468,0,0,GEN,Bypoll
2005,Bihar,Jale,91,Ram Niwas Pd.,Male,Rashtriya Janata Dal,RJD,0,30422,0,0,GEN,Bypoll
2005,Bihar,Jamalpur,168,Shailesh Kumar,Male,Janata Dal (United),JDU,0,52682,0,0,GEN,Bypoll
2005,Bihar,Jamui,170,Vijay Prakash,Male,Rashtriya Janata Dal,RJD,0,63611,0,0,GEN,Bypoll
2005,Bihar,Jandaha,48,Achidanand Singh Alin,Male,Lok Jan Shakti Party,LJP,0,39993,0,0,GEN,Bypoll
2005,Bihar,Jhajha,160,Damodar Rawat,Male,Janata Dal (United),JDU,0,37789,0,0,GEN,Bypoll
2005,Bihar,Jhanjharpur,80,Nitish Mishra,Male,Janata Dal (United),JDU,0,41004,0,0,GEN,Bypoll
2005,Bihar,Jokihat,132,Manzar Alam,Male,Janata Dal (United),JDU,0,51804,0,0,GEN,Bypoll
2005,Bihar,Kadwa,143,Abdul Jalil,Male,Nationalist Congress Party,NCP,0,46221,0,0,GEN,Bypoll
2005,Bihar,Kalyanpur,93,Ashwamedh Devi,Female,Janata Dal (United),JDU,0,47220,0,0,GEN,Bypoll
2005,Bihar,Kanti,56,Ajit Kumar,Male,Lok Jan Shakti Party,LJP,0,38987,0,0,GEN,Bypoll
2005,Bihar,Karakat,207,Arun Singh,Male,Communist Party of India (Marxist-Leninist) (Liberation),CPI(ML)(L),0,36721,0,0,GEN,Bypoll
2005,Bihar,Kasba,138,Pradip Kumar Das,Male,Bharatiya Janata Party,BJP,0,49113,0,0,GEN,Bypoll
2005,Bihar,Kateya,21,Amrendra Kumar,Male,Bahujan Samaj Party,BSP,0,49087,0,0,GEN,Bypoll
2005,Bihar,Katihar,142,Tar Kishor Prasad,Male,Bharatiya Janata Party,BJP,0,47777,0,0,GEN,Bypoll
2005,Bihar,Katoria,158,Raj Kishor Prasad Urf,Male,Rashtriya Janata Dal,RJD,0,38724,0,0,GEN,Bypoll
2005,Bihar,Keoti,90,Ashok Kumar Yadav,Male,Bharatiya Janata Party,BJP,0,41817,0,0,GEN,Bypoll
2005,Bihar,Kesaria,18,Rajesh Kumar Raushan,Male,Rashtriya Janata Dal,RJD,0,31090,0,0,GEN,Bypoll
2005,Bihar,Khagaria,165,Poonam Devi (Yadav),Male,Lok Jan Shakti Party,LJP,0,40317,0,0,GEN,Bypoll
2005,Bihar,Khajauli,76,Ram Prit Paswan,Male,Bharatiya Janata Party,BJP,0,37827,0,0,SC,Bypoll
2005,Bihar,Kharagpur,162,Shanti Devi,Male,Rashtriya Janata Dal,RJD,0,58052,0,0,GEN,Bypoll
2005,Bihar,Kishanganj,135,Akhatarul Iman,Male,Rashtriya Janata Dal,RJD,0,47693,0,0,GEN,Bypoll
2005,Bihar,Kishanpur,111,Aniruddha Prasad,Male,Janata Dal (United),JDU,0,52668,0,0,GEN,Bypoll
2005,Bihar,Konch,230,Dr. Anil Kumar,Male,Lok Jan Shakti Party,LJP,0,39052,0,0,GEN,Bypoll
2005,Bihar,Korha,140,Sunita Devi,Female,Indian National Congress,INC,0,52930,0,0,SC,Bypoll
2005,Bihar,Kumarkhand,115,Ramesh Rishidev,Male,Janata Dal (United),JDU,0,32198,0,0,SC,Bypoll
2005,Bihar,Kurhani,57,Manoj Kumar Singh,Male,Janata Dal (United),JDU,0,43714,0,0,GEN,Bypoll
2005,Bihar,Kurtha,225,Suchitra Sinha,Male,Lok Jan Shakti Party,LJP,0,43736,0,0,GEN,Bypoll
2005,Bihar,Lakhisarai,172,Phulena Singh,Male,Rashtriya Janata Dal,RJD,0,41448,0,0,GEN,Bypoll
2005,Bihar,Lalganj,51,Vijay Kumar Shukla,Male,Lok Jan Shakti Party,LJP,0,48614,0,0,GEN,Bypoll
2005,Bihar,Laukaha,82,Hari Prasad Sah,Male,Janata Dal (United),JDU,0,35737,0,0,GEN,Bypoll
2005,Bihar,Lauria,6,Pradeep Singh,Male,Janata Dal (United),JDU,0,28089,0,0,GEN,Bypoll
2005,Bihar,Madhepur,83,Jagat Narayan Singh,Male,Rashtriya Janata Dal,RJD,0,31544,0,0,GEN,Bypoll
2005,Bihar,Madhepura,120,Manindra Kumar,Male,Janata Dal (United),JDU,0,34582,0,0,GEN,Bypoll
2005,Bihar,Madhuban,16,Shivjee Rai,Male,Janata Dal (United),JDU,0,47990,0,0,GEN,Bypoll
2005,Bihar,Madhubani,78,Ram Deo Mahto,Male,Bharatiya Janata Party,BJP,0,38007,0,0,GEN,Bypoll
2005,Bihar,Maharajganj,33,Damodar Singh,Male,Janata Dal (United),JDU,0,43799,0,0,GEN,Bypoll
2005,Bihar,Mahishi,118,Surendra Yadav,Male,Independent,IND,0,40417,0,0,GEN,Bypoll
2005,Bihar,Mahnar,47,Rama Kishor Singh,Male,Lok Jan Shakti Party,LJP,0,42597,0,0,GEN,Bypoll
2005,Bihar,Mahua,50,Shiv Chand Ram,Male,Rashtriya Janata Dal,RJD,0,36642,0,0,SC,Bypoll
2005,Bihar,Mairwa,30,Ramayan Manjhi,Male,Bharatiya Janata Party,BJP,0,30148,0,0,SC,Bypoll
2005,Bihar,Majorganj,69,Dinkar Ram,Male,Bharatiya Janata Party,BJP,0,44146,0,0,SC,Bypoll
2005,Bihar,Makhdumpur,226,Ramashray Prasad,Male,Lok Jan Shakti Party,LJP,0,44050,0,0,GEN,Bypoll
2005,Bihar,Maner,192,Srikant Nirala,Male,Rashtriya Janata Dal,RJD,0,37911,0,0,GEN,Bypoll
2005,Bihar,Manigachhi,84,Lalit Kumar Yadav,Male,Rashtriya Janata Dal,RJD,0,32553,0,0,GEN,Bypoll
2005,Bihar,Manihari,146,Mubarak Hussain,Male,Indian National Congress,INC,0,27822,0,0,GEN,Bypoll
2005,Bihar,Manjhi,35,Gautam Singh,Male,Janata Dal (United),JDU,0,38002,0,0,GEN,Bypoll
2005,Bihar,Marhaura,39,Lal Babu Ray,Male,Independent,IND,0,35628,0,0,GEN,Bypoll
2005,Bihar,Masaurhi,187,Punam Devi,Female,Janata Dal (United),JDU,0,41314,0,0,GEN,Bypoll
2005,Bihar,Masrakh,37,Kedar Nath Singh,Male,Janata Dal (United),JDU,0,33694,0,0,GEN,Bypoll
2005,Bihar,Matihani,104,Narender Kumar Singh,Male,Independent,IND,0,54016,0,0,GEN,Bypoll
2005,Bihar,Minapur,63,Dinesh Prasad,Male,Janata Dal (United),JDU,0,40070,0,0,GEN,Bypoll
2005,Bihar,Mirganj,23,Ramsewak Singh,Male,Janata Dal (United),JDU,0,30748,0,0,GEN,Bypoll
2005,Bihar,Mohania,211,Chhedi Paswan,Male,Janata Dal (United),JDU,0,49487,0,0,SC,Bypoll
2005,Bihar,Mohiuddin Nagar,97,Ajay Kumar Bulganin,Male,Lok Jan Shakti Party,LJP,0,53872,0,0,GEN,Bypoll
2005,Bihar,Mokamah,183,Anant Kumar Singh,Male,Janata Dal (United),JDU,0,35877,0,0,GEN,Bypoll
2005,Bihar,Monghyr,167,Dr. Monazir Hassan,Male,Janata Dal (United),JDU,0,63222,0,0,GEN,Bypoll
2005,Bihar,Motihari,12,Pramod Kumar,Male,Bharatiya Janata Party,BJP,0,56119,0,0,GEN,Bypoll
2005,Bihar,Muzaffarpur,59,Vijendra Choudhary,Male,Independent,IND,0,59410,0,0,GEN,Bypoll
2005,Bihar,Nabinagar,218,Bhim Kumar Singh,Male,Rashtriya Janata Dal,RJD,0,46136,0,0,GEN,Bypoll
2005,Bihar,Nalanda,178,Shrawon Kumar,Male,Janata Dal (United),JDU,0,37806,0,0,GEN,Bypoll
2005,Bihar,Narpatganj,128,Janardan Yadav,Male,Bharatiya Janata Party,BJP,0,36329,0,0,GEN,Bypoll
2005,Bihar,Nathnagar,149,Sudha Shrivastav,Female,Janata Dal (United),JDU,0,45646,0,0,GEN,Bypoll
2005,Bihar,Nautan,9,Baidhanath Prasad,Male,Janata Dal (United),JDU,0,35497,0,0,GEN,Bypoll
2005,Bihar,Nawada,239,Purnima Yadav,Male,Independent,IND,0,53995,0,0,GEN,Bypoll
2005,Bihar,Nokha,216,Rameshwar Prasad,Male,Bharatiya Janata Party,BJP,0,45653,0,0,GEN,Bypoll
2005,Bihar,Obra,222,Satya Narayan Singh,Male,Rashtriya Janata Dal,RJD,0,38575,0,0,GEN,Bypoll
2005,Bihar,Paliganj,195,Nand Kumar Nanda,Male,Communist Party of India (Marxist-Leninist) (Liberation),CPI(ML)(L),0,30120,0,0,GEN,Bypoll
2005,Bihar,Pandaul,79,Vinod Narayan Jha,Male,Bharatiya Janata Party,BJP,0,33552,0,0,GEN,Bypoll
2005,Bihar,Parbatta,163,Ramanand Prasad Singh,Male,Janata Dal (United),JDU,0,47932,0,0,GEN,Bypoll
2005,Bihar,Parsa,43,Chhote Lal Rai,Male,Janata Dal (United),JDU,0,41284,0,0,GEN,Bypoll
2005,Bihar,Paru,53,Ashok Kumar Singh,Male,Bharatiya Janata Party,BJP,0,43569,0,0,GEN,Bypoll
2005,Bihar,Patepur,49,Mahendra Baitha,Male,Lok Jan Shakti Party,LJP,0,35217,0,0,SC,Bypoll
2005,Bihar,Patna Central,189,Arun Kumar Sinha,Male,Bharatiya Janata Party,BJP,0,89614,0,0,GEN,Bypoll
2005,Bihar,Patna East,190,Nand Kishore Yadav,Male,Bharatiya Janata Party,BJP,0,70148,0,0,GEN,Bypoll
2005,Bihar,Patna West,188,Navin Kishore Pd. Sinha,Male,Bharatiya Janata Party,BJP,0,117915,0,0,GEN,Bypoll
2005,Bihar,Phulparas,81,Deo Nath Yadav,Male,Samajwadi Party,SP,0,41299,0,0,GEN,Bypoll
2005,Bihar,Phulwari,193,Shyam Rajak,Male,Rashtriya Janata Dal,RJD,0,56009,0,0,SC,Bypoll
2005,Bihar,Pipra,17,Krishnanandan Paswan,Male,Bharatiya Janata Party,BJP,0,43239,0,0,SC,Bypoll
2005,Bihar,Piro,205,Narendra Kumar,Male,Janata Dal (United),JDU,0,54767,0,0,GEN,Bypoll
2005,Bihar,Pirpainti,147,Shobha Kant Mandal,Male,Rashtriya Janata Dal,RJD,0,31046,0,0,GEN,Bypoll
2005,Bihar,Pranpur,145,Mahendra Narayan,Male,Rashtriya Janata Dal,RJD,0,38772,0,0,GEN,Bypoll
2005,Bihar,Pupri,72,Shahid Ali Khan,Male,Janata Dal (United),JDU,0,38301,0,0,GEN,Bypoll
2005,Bihar,Purnea,139,Raj Kishore Keshri,Male,Bharatiya Janata Party,BJP,0,46841,0,0,GEN,Bypoll
2005,Bihar,Rafiganj,221,Md. Nehaluddin,Male,Rashtriya Janata Dal,RJD,0,40277,0,0,GEN,Bypoll
2005,Bihar,Raghopur,46,Rabri Devi,Male,Rashtriya Janata Dal,RJD,0,48680,0,0,GEN,Bypoll
2005,Bihar,Raghunathpur,34,Jagmato Devi,Female,Janata Dal (United),JDU,0,39917,0,0,GEN,Bypoll
2005,Bihar,Rajauli,240,Banwari Ram,Male,Bharatiya Janata Party,BJP,0,45699,0,0,SC,Bypoll
2005,Bihar,Rajgir,177,Satyadeo Narain Arya,Male,Bharatiya Janata Party,BJP,0,36344,0,0,SC,Bypoll
2005,Bihar,Rajpur,202,Shyam Payari Devi,Female,Janata Dal (United),JDU,0,32137,0,0,SC,Bypoll
2005,Bihar,Ramgarh,210,Jagdanand Singh,Male,Rashtriya Janata Dal,RJD,0,56582,0,0,GEN,Bypoll
2005,Bihar,Ramnagar,3,Chandra Mohan Rai,Male,Bharatiya Janata Party,BJP,0,39147,0,0,GEN,Bypoll
2005,Bihar,Raniganj,127,Ramji Das Rishidev,Male,Bharatiya Janata Party,BJP,0,34796,0,0,SC,Bypoll
2005,Bihar,Raxaul,10,Dr. Ajay Kumar Singh,Male,Bharatiya Janata Party,BJP,0,38448,0,0,GEN,Bypoll
2005,Bihar,Rosera,100,Gajendra Prasad Singh,Male,Rashtriya Janata Dal,RJD,0,45906,0,0,GEN,Bypoll
2005,Bihar,Runisaidpur,64,Gudi Devi,Female,Janata Dal (United),JDU,0,43402,0,0,GEN,Bypoll
2005,Bihar,Rupauli,124,Bima Bharti,Female,Rashtriya Janata Dal,RJD,0,28681,0,0,GEN,Bypoll
2005,Bihar,Sahar,206,Ram Naresh Ram,Male,Communist Party of India (Marxist-Leninist) (Liberation),CPI(ML)(L),0,46288,0,0,SC,Bypoll
2005,Bihar,Saharsa,117,Sanjiv Kumar Jha,Male,Bharatiya Janata Party,BJP,0,43638,0,0,GEN,Bypoll
2005,Bihar,Sahebganj,54,Raju Kumar Singh,Male,Janata Dal (United),JDU,0,47591,0,0,GEN,Bypoll
2005,Bihar,Sakra,58,Bilat Paswan,Male,Janata Dal (United),JDU,0,37685,0,0,SC,Bypoll
2005,Bihar,Samastipur,95,Ram Nath Thakur,Male,Janata Dal (United),JDU,0,53202,0,0,GEN,Bypoll
2005,Bihar,Sandesh,196,Vijendra Kumar Yadav,Male,Rashtriya Janata Dal,RJD,0,40387,0,0,GEN,Bypoll
2005,Bihar,Sarairanjan,96,Ram Chandra Singh,Male,Rashtriya Janata Dal,RJD,0,38226,0,0,GEN,Bypoll
2005,Bihar,Sasaram,214,Jawahar Prasad,Male,Bharatiya Janata Party,BJP,0,53904,0,0,GEN,Bypoll
2005,Bihar,Shahpur,199,Shivanand Tiwari,Male,Rashtriya Janata Dal,RJD,0,36085,0,0,GEN,Bypoll
2005,Bihar,Sheikhpura,173,Sunila Devi,Female,Indian National Congress,INC,0,35976,0,0,GEN,Bypoll
2005,Bihar,Sheohar,66,Ajit Kumar Jha,Male,Rashtriya Janata Dal,RJD,0,31331,0,0,GEN,Bypoll
2005,Bihar,Shikarpur,4,Bhagirathi Devi,Female,Bharatiya Janata Party,BJP,0,35147,0,0,SC,Bypoll
2005,Bihar,Sikandra,171,Rameshwar Paswan,Male,Lok Jan Shakti Party,LJP,0,64122,0,0,SC,Bypoll
2005,Bihar,Sikta,5,Khurshed Alias Firoz,Male,Indian National Congress,INC,0,35811,0,0,GEN,Bypoll
2005,Bihar,Sikti,131,Murli Dhar Mandal,Male,Janata Dal (United),JDU,0,47758,0,0,GEN,Bypoll
2005,Bihar,Simri-Bakhtiarpur,119,Dinesh Chandra Yadav,Male,Janata Dal (United),JDU,0,52572,0,0,GEN,Bypoll
2005,Bihar,Singheshwar,116,Rameshwar Prasad,Male,Janata Dal (United),JDU,0,35006,0,0,GEN,Bypoll
2005,Bihar,Singhia,101,Dr. Ashok Kumar,Male,Indian National Congress,INC,0,35514,0,0,SC,Bypoll
2005,Bihar,Sitamarhi,67,Sunil Kumar Alias Pintu,Male,Bharatiya Janata Party,BJP,0,51447,0,0,GEN,Bypoll
2005,Bihar,Siwan,29,Byasdeo Prasad,Male,Bharatiya Janata Party,BJP,0,42756,0,0,GEN,Bypoll
2005,Bihar,Sonabarsa,121,Kishor Kumar,Male,Independent,IND,0,50117,0,0,GEN,Bypoll
2005,Bihar,Sonepur,44,Ramanuj Prasad,Male,Rashtriya Janata Dal,RJD,0,47680,0,0,GEN,Bypoll
2005,Bihar,Sugauli,11,Ramchandra Sahni,Male,Bharatiya Janata Party,BJP,0,35869,0,0,GEN,Bypoll
2005,Bihar,Sultanganj,153,Sudhanshu Shekhar,Male,Janata Dal (United),JDU,0,50827,0,0,SC,Bypoll
2005,Bihar,Supaul,112,Bijendra Prasad Yadav,Male,Janata Dal (United),JDU,0,48457,0,0,GEN,Bypoll
2005,Bihar,Surajgarha,169,Prem Ranjan Patel,Male,Bharatiya Janata Party,BJP,0,39703,0,0,GEN,Bypoll
2005,Bihar,Sursand,71,Jai Nandan Prasad,Male,Rashtriya Janata Dal,RJD,0,33233,0,0,GEN,Bypoll
2005,Bihar,Taraiya,38,Ram Das Roy,Male,Rashtriya Janata Dal,RJD,0,29615,0,0,GEN,Bypoll
2005,Bihar,Tarapur,161,Shakuni Choudhary,Male,Rashtriya Janata Dal,RJD,0,34643,0,0,GEN,Bypoll
2005,Bihar,Thakurganj,134,Gopal Kumar Agarwal,Male,Samajwadi Party,SP,0,38592,0,0,GEN,Bypoll
2005,Bihar,Tribeniganj,113,Vishwa Mohan Kumar,Male,Lok Jan Shakti Party,LJP,0,38606,0,0,GEN,Bypoll
2005,Bihar,Vaishali,52,Brishin Patel,Male,Janata Dal (United),JDU,0,38041,0,0,GEN,Bypoll
2005,Bihar,Warisnagar,94,Maheshwar Hajari,Male,Lok Jan Shakti Party,LJP,0,38147,0,0,SC,Bypoll
2005,Bihar,Warsaliganj,242,Aruna Devi,Female,Lok Jan Shakti Party,LJP,0,60999,0,0,GEN,Bypoll
2005,Bihar,Ziradei,32,Shyam Bahadur Singh,Male,Janata Dal (United),JDU,0,42267,0,0,GEN,Bypoll
2006,Bihar,Bhagalpur,59,Syed Shahnawaz Husain,Male,Bharatiya Janata Party,BJP,345000,195960,56.8,0,OTH,Bypoll
2006,Bihar,Patna West,58,Nitin Navin,Male,Bharatiya Janata Party,BJP,320000,173760,54.3,0,OTH,Bypoll
2007,Bihar,Kurhani,60,Vinod Kumar,Male,Independent,IND,228000,103968,45.6,0,OTH,Bypoll
2009,Bihar,Araria,6,Vijay Kumar Mandal,Male,Lok Jan Shakti Party,LJP,270000,138780,51.4,0,OTH,Bypoll
2009,Bihar,Aurai,1,Surendra Kumar Yadav,Male,Rashtriya Janata Dal,RJD,245000,128135,52.3,0,OTH,Bypoll
2009,Bihar,Bagaha,2,Raghvendra Kumar Singh,Male,Janata Dal (United),JDU,280000,136080,48.6,0,OTH,Bypoll
2009,Bihar,Bodh Gaya,11,Kumar Sarvjeet,Male,Lok Jan Shakti Party,LJP,255000,120105,47.1,0,OTH,Bypoll
2009,Bihar,Chainpur,7,Brij Kishor Vind,Male,Bharatiya Janata Party,BJP,250000,116250,46.5,0,OTH,Bypoll
2009,Bihar,Chenari,8,Murari Prasad Gautam,Male,Indian National Congress,INC,240000,117360,48.9,0,OTH,Bypoll
2009,Bihar,Ghoshi,12,Shanti Sharma,Female,Independent,IND,230000,105340,45.8,0,OTH,Bypoll
2009,Bihar,Maharajganj,2,Uma Shankar Singh,Male,Rashtriya Janata Dal,RJD,1312000,639144,48.7,0,OTH,Bypoll
2009,Bihar,Phulwari Sharif,10,Ramprit Mandal,Male,Janata Dal (United),JDU,310000,164920,53.2,0,OTH,Bypoll
2009,Bihar,Ramgarh,9,Ambika Singh,Male,Rashtriya Janata Dal,RJD,265000,134620,50.8,0,OTH,Bypoll
2009,Bihar,Simri Bakhtiarpur,5,Zafar Alam,Male,Rashtriya Janata Dal,RJD,220000,108240,49.2,0,OTH,Bypoll
2009,Bihar,Triveniganj,3,Pramod Kumar,Male,Janata Dal (United),JDU,260000,130260,50.1,0,OTH,Bypoll
2009,Bihar,Warisnagar,4,Viswanath Paswan,Male,Lok Jan Shakti Party,LJP,235000,112330,47.8,0,OTH,Bypoll
2011,Bihar,Daraunda,15,Kavita Singh,Female,Janata Dal (United),JDU,232000,114840,49.5,0,OTH,Bypoll
2011,Bihar,Laukaha,13,Satish Kumar Sah,Male,Janata Dal (United),JDU,248000,135408,54.6,0,OTH,Bypoll
2011,Bihar,Purnia,14,Kiran Keshri,Female,Bharatiya Janata Party,BJP,285000,148485,52.1,0,OTH,Bypoll
2013,Bihar,Kalyanpur,16,Manju Kumari,Female,Janata Dal (United),JDU,256000,131072,51.2,0,OTH,Bypoll
2013,Bihar,Maharajganj,3,Prabhunath Singh,Male,Rashtriya Janata Dal,RJD,1450000,713400,49.2,0,OTH,Bypoll
2014,Bihar,Banka,19,Ramnarayan Mandal,Male,Bharatiya Janata Party,BJP,275000,146300,53.2,0,OTH,Bypoll
2014,Bihar,Bhagalpur,26,Ajeet Sharma,Male,Indian National Congress,INC,340000,159120,46.8,0,OTH,Bypoll
2014,Bihar,Chapra,22,Anil Kumar Sharma,Male,Rashtriya Janata Dal,RJD,295000,141305,47.9,0,OTH,Bypoll
2014,Bihar,Hajipur,18,Awadhesh Kumar Singh,Male,Bharatiya Janata Party,BJP,312000,170040,54.5,0,OTH,Bypoll
2014,Bihar,Jale,24,Sudhir Kumar Singh,Male,Janata Dal (United),JDU,278000,140668,50.6,0,OTH,Bypoll
2014,Bihar,Maharajganj,6,Ganesh Singh,Male,Bharatiya Janata Party,BJP,1480000,793280,53.6,0,OTH,Bypoll
2014,Bihar,Mohania,20,Anil Kumar,Male,Bharatiya Janata Party,BJP,245000,129605,52.9,0,OTH,Bypoll
2014,Bihar,Mohiuddinnagar,23,Md. Javed,Male,Rashtriya Janata Dal,RJD,252000,124236,49.3,0,OTH,Bypoll
2014,Bihar,Narkatiaganj,17,Randhir Kumar Singh,Male,Bharatiya Janata Party,BJP,298000,166284,55.8,0,OTH,Bypoll
2014,Bihar,Parbatta,25,Vijay Kumar Mandal,Male,Janata Dal (United),JDU,262000,133882,51.1,0,OTH,Bypoll
2014,Bihar,Rajnagar,21,Md. Istiyaq,Male,Rashtriya Janata Dal,RJD,268000,130516,48.7,0,OTH,Bypoll
2016,Bihar,Harlakhi,27,Sudhanshu Shekhar,Male,Rashtriya Lok Samta Party,Other,263000,140442,53.4,0,OTH,Bypoll
2018,Bihar,Araria,4,Sarfaraz Alam,Male,Rashtriya Janata Dal,RJD,1587000,837936,52.8,0,OTH,Bypoll
2018,Bihar,Bhabua,29,Rinki Rani Pandey,Female,Bharatiya Janata Party,BJP,285000,156180,54.8,0,OTH,Bypoll
2018,Bihar,Jehanabad,5,Chandeshwar Verma,Male,Rashtriya Janata Dal,RJD,1350000,680400,50.4,0,OTH,Bypoll
2019,Bihar,Belhar,32,Ramdeo Yadav,Male,Rashtriya Janata Dal,RJD,255000,135405,53.1,0,OTH,Bypoll
2019,Bihar,Daraunda,34,Karanjeet Singh,Male,Independent,IND,238000,118286,49.7,0,OTH,Bypoll
2019,Bihar,Dehri,35,Satyanarayan Singh,Male,Bharatiya Janata Party,BJP,268000,140432,52.4,0,OTH,Bypoll
2019,Bihar,Kishanganj,30,Qamrul Hoda,Male,All India Majlis-e-Ittehadul Muslimeen,Other,325000,170950,52.6,0,OTH,Bypoll
2019,Bihar,Nathnagar,33,Laxmi Kant Mandal,Male,Janata Dal (United),JDU,242000,118338,48.9,0,OTH,Bypoll
2019,Bihar,Nawada,36,Kaushal Yadav,Male,Janata Dal (United),JDU,292000,151256,51.8,0,OTH,Bypoll
2019,Bihar,Simri Bakhtiarpur,31,Zafar Alam,Male,Rashtriya Janata Dal,RJD,228000,114912,50.4,0,OTH,Bypoll
2021,Bihar,Kusheshwar Asthan,37,Aman Bhushan Hajari,Male,Janata Dal (United),JDU,312000,163176,52.3,0,OTH,Bypoll
2021,Bihar,Tarapur,38,Rajeev Kumar Singh,Male,Janata Dal (United),JDU,298000,160324,53.8,0,OTH,Bypoll
2022,Bihar,Bochahan,41,Amar Paswan,Male,Rashtriya Janata Dal,RJD,275000,156200,56.8,0,OTH,Bypoll
2022,Bihar,Gopalganj,40,Kusum Devi,Female,Bharatiya Janata Party,BJP,310000,168020,54.2,0,OTH,Bypoll
2022,Bihar,Mokama,39,Neelam Devi,Female,Rashtriya Janata Dal,RJD,335000,185590,55.4,0,OTH,Bypoll
2024,Bihar,Belaganj,44,Surendra Yadav,Male,Janata Dal (United),JDU,306000,168912,55.2,0,OTH,Bypoll
2024,Bihar,Imamganj,45,Deepa Manjhi,Female,Hindustani Awam Morcha (Secular),Other,268000,139588,52.1,0,OTH,Bypoll
2024,Bihar,Ramgarh,43,Manohar Mandal,Male,Bharatiya Janata Party,BJP,282000,151152,53.6,0,OTH,Bypoll
2024,Bihar,Tarari,42,Vishal Prasad,Male,Bharatiya Janata Party,BJP,295000,161955,54.9,0,OTH,Bypoll
2017,Chandigarh,Chandigarh,0,Kirron Kher,Female,Bharatiya Janata Party,BJP,0,0,0,0,OTH,Bypoll
2004,Chhattisgarh,Alakatara,34,Chatram Devagan,Male,Bharatiya Janata Party,BJP,166485,97765,58.7,0,OTH,Bypoll
2004,Chhattisgarh,Dongargaon,85,Dr. Raman,Male,Bharatiya Janata Party,BJP,112636,80148,71.2,0,OTH,Bypoll
2004,Chhattisgarh,Keshkal,63,Sewak Ram Netam,Male,Bharatiya Janata Party,BJP,146841,109160,74.3,0,OTH,Bypoll
2004,Chhattisgarh,Khairagarh,88,Komal Janghel,Male,Bharatiya Janata Party,BJP,147608,110995,75.2,0,OTH,Bypoll
2004,Chhattisgarh,Kota,25,Dr. Renu Jogi,Female,Indian National Congress,INC,146323,114308,78.1,0,OTH,Bypoll
2004,Chhattisgarh,Malkharoda,38,Nirmal Sinha,Male,Bharatiya Janata Party,BJP,172862,101193,58.5,0,OTH,Bypoll
2004,Chhattisgarh,Rajnandgaon,11,Dev Wrat Singh,Male,Indian National Congress,INC,1163778,736357,63.3,0,OTH,Bypoll
2009,Chhattisgarh,Bastar,10,Dinesh Kashyap,Male,Bharatiya Janata Party,BJP,1194657,604245,50.6,0,OTH,Bypoll
2009,Chhattisgarh,Sanjari Balod,59,Km. Madan Sahu,Not Available,Bharatiya Janata Party,BJP,169131,135494,80.1,0,OTH,Bypoll
2005,Dadra & Nagar Haveli and Daman & Diu,Daman & Diu,0,Lalubhai Patel,Male,Bharatiya Janata Party,BJP,0,0,0,0,OTH,Bypoll
1961,Delhi,New Delhi,1,Sucheta Kriplani,Female,Indian National Congress,INC,450000,237600,52.8,0,OTH,Bypoll
1985,Delhi,South Delhi,2,Arjun Singh,Male,Independent,IND,980000,443940,45.3,0,OTH,Bypoll
1992,Delhi,New Delhi,3,Rajesh Khanna,Male,Indian National Congress,INC,520000,283920,54.6,0,OTH,Bypoll
1997,Delhi,East Delhi,4,Lal Bihari Tiwari,Male,Bharatiya Janata Party,BJP,543037,264550,48.7,0,OTH,Bypoll
1997,Delhi,Sadar,1,Krishan Kumar,Male,Indian National Congress,INC,125000,65375,52.3,0,OTH,Bypoll
2004,Delhi,Baljit Nagar,0,Rajesh Lilothia,Male,Indian National Congress,INC,0,0,0,0,OTH,Bypoll
2008,Delhi,Rajouri Garden,2,Dayanand Chandila,Male,Indian National Congress,INC,145000,70905,48.9,0,OTH,Bypoll
2013,Delhi,Ghonda,3,Bharat Singh,Male,Bharatiya Janata Party,BJP,168000,91056,54.2,0,OTH,Bypoll
2014,Delhi,Krishna Nagar,4,Kiran Walia,Female,Indian National Congress,INC,172000,80496,46.8,0,OTH,Bypoll
2017,Delhi,Bawana,6,Ram Chander,Male,Aam Aadmi Party,AAP,285000,165870,58.2,0,OTH,Bypoll
2017,Delhi,Rajouri Garden,5,Manjinder Singh Sirsa,Male,Bharatiya Janata Party,BJP,178000,100392,56.4,0,OTH,Bypoll
2022,Delhi,Rajinder Nagar,7,Durgesh Pathak,Male,Aam Aadmi Party,AAP,165000,69630,42.2,0,OTH,Bypoll
1964,Goa,Marcaim,15,Dayanand Bandodkar,Male,Maharashtrawadi Gomantak Party,Lion,21340,14200,66.5,0,OTH,Bypoll
1970,Goa,Siroda,17,S. S. Barnable,Male,Maharashtrawadi Gomantak Party,Lion,11842,8940,54.2,0,OTH,Bypoll
1999,Goa,Cortalim,27,Mauvin Godinho,Male,Indian National Congress,INC,24103,12558,52.1,0,OTH,Bypoll
2002,Goa,Benaulim,32,Francisco Pacheco,Male,United Goans Party,INC,21980,12176,55.4,0,OTH,Bypoll
2005,Goa,Curchorem,37,Ramkrishna Dhavalikar,Male,Maharashtrawadi Gomantak Party,Lion,23145,11526,49.8,0,OTH,Bypoll
2005,Goa,Margao,31,Digambar Kamat,Male,Indian National Congress,INC,24508,13136,53.6,0,OTH,Bypoll
2005,Goa,Taleigao,12,Atanasio Monserrate,Male,Indian National Congress,INC,22104,12864,58.2,0,OTH,Bypoll
2010,Goa,Valpoi,19,Vishwajit Rane,Male,Indian National Congress,INC,23450,16977,72.4,0,OTH,Bypoll
2012,Goa,Cortalim,26,Alina Saldanha,Female,Bharatiya Janata Party,BJP,26132,0,100,0,OTH,Bypoll
2017,Goa,Panaji,11,Manohar Parrikar,Male,Bharatiya Janata Party,BJP,22203,15237,64.7,0,OTH,Bypoll
2017,Goa,Valpoi,19,Vishwajit Rane,Male,Bharatiya Janata Party,BJP,28817,21345,70.2,0,OTH,Bypoll
2019,Goa,Mandrem,1,Dayanand Sopte,Male,Bharatiya Janata Party,BJP,32456,27203,56.4,0,OTH,Bypoll
2019,Goa,Mapusa,5,Joshua D'Souza,Male,Bharatiya Janata Party,BJP,29145,22104,48.9,0,OTH,Bypoll
2019,Goa,Panaji,11,Atanasio Monserrate,Male,Indian National Congress,INC,22408,17246,51.2,0,OTH,Bypoll
2019,Goa,Shiroda,22,Subhash Shirodkar,Male,Bharatiya Janata Party,BJP,28942,24103,43.1,0,OTH,Bypoll
1969,Gujarat,Rajkot,0,Minoo Masani,Male,Swatantra Party,SWA,0,0,0,0,OTH,Bypoll
1975,Gujarat,Ahmedabad,0,Indulal Yagnik,Male,Indian National Congress,INC,0,0,0,0,OTH,Bypoll
1980,Gujarat,Surat,0,Kashiram Rana,Male,Indian National Congress,INC,0,0,0,0,OTH,Bypoll
1985,Gujarat,Gandhinagar,0,L.K. Advani,Male,Bharatiya Janata Party,BJP,0,0,0,0,OTH,Bypoll
1990,Gujarat,Rajkot West,0,Vajubhai Vala,Male,Bharatiya Janata Party,BJP,0,0,0,0,OTH,Bypoll
1995,Gujarat,Visavadar,0,Keshubhai Patel,Male,Bharatiya Janata Party,BJP,0,0,0,0,OTH,Bypoll
1998,Gujarat,Patan,0,K.C. Patel,Male,Bharatiya Janata Party,BJP,0,0,0,0,OTH,Bypoll
2002,Gujarat,Junagadh,0,Mahant Swami,Male,Bharatiya Janata Party,BJP,0,0,0,0,OTH,Bypoll
2007,Gujarat,Porbandar,0,Babubhai Bokhiria,Male,Bharatiya Janata Party,BJP,0,0,0,0,OTH,Bypoll
2009,Gujarat,Talala,0,Bhavnaben Dave,Female,Bharatiya Janata Party,BJP,0,0,0,0,OTH,Bypoll
2014,Gujarat,Mahuva,0,Kanubhai Kalsaria,Male,Bharatiya Janata Party,BJP,0,0,0,0,OTH,Bypoll
2017,Gujarat,Unjha,0,Asha Patel,Female,Bharatiya Janata Party,BJP,0,0,0,0,OTH,Bypoll
2019,Gujarat,Amraiwadi,0,Jagdish Patel,Male,Bharatiya Janata Party,BJP,0,0,0,0,OTH,Bypoll
2019,Gujarat,Lunawada,0,Jigneshkumar Sevak,Male,Bharatiya Janata Party,BJP,0,0,0,0,OTH,Bypoll
2019,Gujarat,Radhanpur,0,Raghubhai Desai,Male,Bharatiya Janata Party,BJP,0,0,0,0,OTH,Bypoll
2019,Gujarat,Tharad,0,Jivabhai Patel,Male,Bharatiya Janata Party,BJP,0,0,0,0,OTH,Bypoll
2020,Gujarat,Abdasa,0,Pradyumansinh Jadeja,Male,Bharatiya Janata Party,BJP,0,0,0,0,OTH,Bypoll
2022,Gujarat,Morbi,0,Kantilal Amrutiya,Male,Bharatiya Janata Party,BJP,0,0,0,0,OTH,Bypoll
1968,Haryana,Bhiwani,0,Banarsi Das Gupta,Male,Indian National Congress,INC,0,0,0,0,OTH,Bypoll
1975,Haryana,Ambala,0,Devi Lal,Male,Indian National Congress,INC,0,0,0,0,OTH,Bypoll
1977,Haryana,Rohtak,0,Bhajan Lal,Male,Janata Party,JNP,0,0,0,0,OTH,Bypoll
1982,Haryana,Karnal,0,Mangal Sein,Male,Indian National Congress,INC,0,0,0,0,OTH,Bypoll
1987,Haryana,Meham,0,Om Prakash Chautala,Male,Indian National Lok Dal,INLD,0,0,0,0,OTH,Bypoll
1990,Haryana,Uchana,0,Birender Singh,Male,Janata Dal,JD,0,0,0,0,OTH,Bypoll
1996,Haryana,Bhiwani,0,Sushma Swaraj,Female,Bharatiya Janata Party,BJP,0,0,0,0,OTH,Bypoll
1998,Haryana,Sirsa,0,Ashok Tanwar,Male,Indian National Congress,INC,0,0,0,0,OTH,Bypoll
2002,Haryana,Adampur,0,Bhajan Lal,Male,Indian National Congress,INC,0,0,0,0,OTH,Bypoll
2005,Haryana,Ellenabad,0,Om Prakash Chautala,Male,Indian National Lok Dal,INLD,0,0,0,0,OTH,Bypoll
2008,Haryana,Jhajjar,0,Rao Inderjit Singh,Male,Indian National Congress,INC,0,0,0,0,OTH,Bypoll
2010,Haryana,Gurgaon,0,Umesh Aggarwal,Male,Indian National Congress,INC,0,0,0,0,OTH,Bypoll
2014,Haryana,Hisar,0,Dushyant Chautala,Male,Jannayak Janta Party,JJP,0,0,0,0,OTH,Bypoll
2016,Haryana,Jind,0,Hari Chand Middha,Male,Indian National Lok Dal,INLD,0,0,0,0,OTH,Bypoll
2019,Haryana,Jind,0,Krishan Lal Middha,Male,Bharatiya Janata Party,BJP,0,0,0,0,OTH,Bypoll
2022,Haryana,Adampur,0,Bhavya Bishnoi,Male,Bharatiya Janata Party,BJP,0,0,0,0,OTH,Bypoll
2024,Haryana,Baroda,0,Induraj Narwal,Male,Indian National Congress,INC,0,0,0,0,OTH,Bypoll
1967,Himachal Pradesh,Mandi,0,Y.S. Parmar,Male,Indian National Congress,INC,0,0,0,0,OTH,Bypoll
1975,Himachal Pradesh,Shimla,0,Virbhadra Singh,Male,Indian National Congress,INC,0,0,0,0,OTH,Bypoll
1980,Himachal Pradesh,Hamirpur,0,Shanta Kumar,Male,Bharatiya Janata Party,BJP,0,0,0,0,OTH,Bypoll
1985,Himachal Pradesh,Nahan,0,Sukh Ram,Male,Indian National Congress,INC,0,0,0,0,OTH,Bypoll
1990,Himachal Pradesh,Kasauli,0,Virbhadra Singh,Male,Indian National Congress,INC,0,0,0,0,OTH,Bypoll
1995,Himachal Pradesh,Dharamsala,0,Kishan Kapoor,Male,Bharatiya Janata Party,BJP,0,0,0,0,OTH,Bypoll
1998,Himachal Pradesh,Kangra,0,Shanta Kumar,Male,Bharatiya Janata Party,BJP,0,0,0,0,OTH,Bypoll
2003,Himachal Pradesh,Kinnaur,0,Tek Chand Dogra,Male,Indian National Congress,INC,0,0,0,0,OTH,Bypoll
2007,Himachal Pradesh,Solan,0,Col. Dhani Ram Shandil,Male,Indian National Congress,INC,0,0,0,0,OTH,Bypoll
2011,Himachal Pradesh,Mandi,0,Virbhadra Singh,Male,Indian National Congress,INC,0,0,0,0,OTH,Bypoll
2013,Himachal Pradesh,Pachhad,0,Dayal Pyari,Female,Indian National Congress,INC,0,0,0,0,OTH,Bypoll
2017,Himachal Pradesh,Dharamsala,0,Kishan Kapoor,Male,Bharatiya Janata Party,BJP,0,0,0,0,OTH,Bypoll
2019,Himachal Pradesh,Dharamsala,0,Vishal Nehria,Male,Bharatiya Janata Party,BJP,0,0,0,0,OTH,Bypoll
2019,Himachal Pradesh,Pachhad,0,Reena Kashyap,Female,Bharatiya Janata Party,BJP,0,0,0,0,OTH,Bypoll
2021,Himachal Pradesh,Arki,0,Sanjay,Male,Indian National Congress,INC,0,0,0,0,OTH,Bypoll
2021,Himachal Pradesh,Fatehpur,0,Baldev Thakur,Male,Indian National Congress,INC,0,0,0,0,OTH,Bypoll
2021,Himachal Pradesh,Jubbal-Kotkhai,0,Chetan Bragta,Male,Bharatiya Janata Party,BJP,0,0,0,0,OTH,Bypoll
2023,Himachal Pradesh,Hamirpur,0,Ashish Sharma,Male,Bharatiya Janata Party,BJP,0,0,0,0,OTH,Bypoll
1997,Jammu & Kashmir,DODA,53,KHALID NAJEEB,Male,Jammu & Kashmir National Conference,JKNC,47956,31353,50.31,0,OTH,Bypoll
1998,Jammu & Kashmir,JAMMU EAST,72,ASHKO KUMAR,Male,Indian National Congress,INC,71832,24106,25.71,0,OTH,Bypoll
1999,Jammu & Kashmir,BIJBEHERA,45,ABDUL REHMAN,Male,Independent,IND,54547,8620,14.5,0,OTH,Bypoll
1999,Jammu & Kashmir,LANGATE,5,MOHD. SULTAN PANDIT,Male,Independent,IND,42426,17232,41.78,0,OTH,Bypoll
2002,Jammu & Kashmir,JAMMU,6,CHOWDHARY TALIB HUSSAIN,Male,Jammu & Kashmir National Conference,JKNC,1580191,728235,7.62,0,OTH,Bypoll
2003,Jammu & Kashmir,PAMPORE,32,ZAHOOR AHMAD MIR,Male,Jammu & Kashmir Peoples Democratic Party,INK POT & PEN,51688,19432,65.78,0,OTH,Bypoll
2004,Jammu & Kashmir,AKHNOOR,79,SHAM LAL SHARMA,Male,Indian National Congress,INC,85878,55302,6.47,0,OTH,Bypoll
2004,Jammu & Kashmir,BASOLHI,64,KANTA ANDOTRA,Male,Indian National Congress,INC,71915,42977,8.79,0,OTH,Bypoll
2004,Jammu & Kashmir,BATMALOO,25,TARIQ AHMED KARA,Male,Jammu & Kashmir Peoples Democratic Party,INK POT & PEN,106131,12443,26.26,0,OTH,Bypoll
2004,Jammu & Kashmir,PAHALGAM,46,MUFTI MOHAMMAD SAYEED,Male,Jammu & Kashmir Peoples Democratic Party,INK POT & PEN,64121,13875,37.29,0,OTH,Bypoll
2006,Jammu & Kashmir,BHADERWAH,54,SH. GHULAM NABI AZAD,Male,Independent,IND,91159,66129,87.73,0,OTH,Bypoll
2006,Jammu & Kashmir,PATTAN,15,SHEIKH MUSTAFA KAMAL,Male,Jammu & Kashmir National Conference,JKNC,76356,52663,5.25,0,OTH,Bypoll
2006,Jammu & Kashmir,RAFIABAD,7,Mohd. Dilawar Mir,Male,Jammu & Kashmir Peoples Democratic Party,INK POT & PEN,67026,50621,17.11,0,OTH,Bypoll
2006,Jammu & Kashmir,SANGRAMA,12,SHUIB NABI,Male,Independent,IND,55461,35110,17.99,0,OTH,Bypoll
2007,Jammu & Kashmir,POONCH(HAVELI),87,Jahangir Hussain (E),Male,Indian National Congress,INC,97024,66468,6.62,0,OTH,Bypoll
2009,Jammu & Kashmir,BHADERWAH,54,Md.  Sharief Niaz,Male,Indian National Congress,INC,94208,53200,5.16,0,OTH,Bypoll
2009,Jammu & Kashmir,HAZRATBAL,18,S. M. kamal,Male,Jammu & Kashmir National Conference,JKNC,87326,17372,8.93,0,OTH,Bypoll
2009,Jammu & Kashmir,SONWAR,24,Md.Yasin Shah,Male,Jammu & Kashmir National Conference,JKNC,69235,19677,25.41,0,OTH,Bypoll
2016,Jammu & Kashmir,ANANTNAG,40,Mehbooba Mufti (E),Female,Jammu & Kashmir Peoples Democratic Party,Haldhar within wheel,84124,28093,43.02,0,OTH,Bypoll
2017,Jammu & Kashmir,Srinagar,2,FAROOQ ABDULLAH,Male,Jammu & Kashmir National Conference,JKNC,1261817,88951,12.11,0,OTH,Bypoll
2025,Jammu & Kashmir,BUDGAM,27,AGA SYED MUNTAZIR MEHDI,Male,Jammu & Kashmir Peoples Democratic Party,INK POT & PEN,126276,62555,7.16,0,OTH,Bypoll
2025,Jammu & Kashmir,NAGROTA,77,DEVYANI RANA,Female,Bharatiya Janata Party,BJP,99494,73484,33.37,0,OTH,Bypoll
2004,Jharkhand,Jamshedpur,9,Suman Mahato (E),Female,Jharkhand Mukti Morcha,Bow and arrow,1396230,641038,45.9,0,OTH,Bypoll
2004,Jharkhand,Koderma,5,Babu Lal Marandi,Male,Bharatiya Janata Party,BJP,1349091,758347,56.2,0,OTH,Bypoll
2004,Jharkhand,Palamu,13,Dhuran Ram,Male,Rashtriya Janata Dal,RJD,1366537,681173,49.8,0,OTH,Bypoll
2005,Jharkhand,Daltonganj,76,Inder Singh Namdhari,Male,Independent,IND,253690,137077,54,0,OTH,Bypoll
2005,Jharkhand,Simaria,26,Ramchandra Ram - 'e',Male,Communist Party of India,CPI,243085,116689,48,0,OTH,Bypoll
2009,Jharkhand,Hatia,64,N. Jaiswal (E),Male,All Jharkhand Students Union Party,Banana,402578,152590,37.9,0,OTH,Bypoll
2009,Jharkhand,Jamshedpur,9,Ajay Kumar,Male,Jharkhand Vikas Morcha (Prajatantrik),Comb,1397897,740003,52.9,0,OTH,Bypoll
2009,Jharkhand,Kharawan,57,Arjun Munda,Male,Bharatiya Janata Party,BJP,154880,111671,72.1,0,OTH,Bypoll
2009,Jharkhand,Mandu,24,J.P.B. Patel,Male,Jharkhand Mukti Morcha,Bow & Arrow,298577,167504,56.1,0,OTH,Bypoll
1962,Karnataka,Bangalore South,0,H.C. Dasappa,Male,Indian National Congress,INC,0,0,0,0,OTH,Bypoll
1968,Karnataka,Shimoga,0,S. Nijalingappa,Male,Indian National Congress,INC,0,0,0,0,OTH,Bypoll
1972,Karnataka,Chitradurga,0,K.H. Patil,Male,Indian National Congress,INC,0,0,0,0,OTH,Bypoll
1978,Karnataka,Bellary,0,S.M. Krishna,Male,Indian National Congress,INC,0,0,0,0,OTH,Bypoll
1980,Karnataka,Hassan,0,H.D. Deve Gowda,Male,Indian National Congress,INC,0,0,0,0,OTH,Bypoll
1983,Karnataka,Mandya,0,G. Madegowda,Male,Janata Party,JNP,0,0,0,0,OTH,Bypoll
1985,Karnataka,Raichur,0,Veerappa Moily,Male,Indian National Congress,INC,0,0,0,0,OTH,Bypoll
1988,Karnataka,Koppal,0,Basavaraj Bommai,Male,Janata Party,JNP,0,0,0,0,OTH,Bypoll
1990,Karnataka,Hubli-Dharwad,0,Jagadish Shettar,Male,Bharatiya Janata Party,BJP,0,0,0,0,OTH,Bypoll
1994,Karnataka,Bangalore North,0,C.N. Balakrishnan,Male,Indian National Congress,INC,0,0,0,0,OTH,Bypoll
1999,Karnataka,Bellary,0,B. Sriramulu,Male,Bharatiya Janata Party,BJP,0,0,0,0,OTH,Bypoll
2002,Karnataka,Bidar,0,Basavaraj Patil,Male,Indian National Congress,INC,0,0,0,0,OTH,Bypoll
2005,Karnataka,Shimoga,0,B.S. Yediyurappa,Male,Bharatiya Janata Party,BJP,0,0,0,0,OTH,Bypoll
2007,Karnataka,Shiggaon,0,Basavaraj Bommai,Male,Bharatiya Janata Party,BJP,0,0,0,0,OTH,Bypoll
2012,Karnataka,Mandya,0,C.S. Putturaju,Male,Janata Dal (Secular),JDS,0,0,0,0,OTH,Bypoll
2014,Karnataka,Bellary,0,B. Sriramulu,Male,Bharatiya Janata Party,BJP,0,0,0,0,OTH,Bypoll
2018,Karnataka,Rajarajeshwari Nagar,0,Munirathna Naidu,Male,Indian National Congress,INC,0,0,0,0,OTH,Bypoll
2019,Karnataka,Athani,0,Mahesh Kumathalli,Male,Bharatiya Janata Party,BJP,0,0,0,0,OTH,Bypoll
2019,Karnataka,Chikkaballapur,0,K. Sudhakar,Male,Bharatiya Janata Party,BJP,0,0,0,0,OTH,Bypoll
2019,Karnataka,Hoskote,0,Sharath Bachegowda,Male,Bharatiya Janata Party,BJP,0,0,0,0,OTH,Bypoll
2019,Karnataka,KR Pura,0,Byrathi Basavaraj,Male,Bharatiya Janata Party,BJP,0,0,0,0,OTH,Bypoll
2019,Karnataka,Kagwad,0,Shrimant Patil,Male,Bharatiya Janata Party,BJP,0,0,0,0,OTH,Bypoll
2019,Karnataka,Yellapur,0,Shivaram Hebbar,Male,Bharatiya Janata Party,BJP,0,0,0,0,OTH,Bypoll
2021,Karnataka,Hangal,0,Shivaraj Sajjanar,Male,Bharatiya Janata Party,BJP,0,0,0,0,OTH,Bypoll
2021,Karnataka,Sindgi,0,Ramesh Jigajinagi,Male,Bharatiya Janata Party,BJP,0,0,0,0,OTH,Bypoll
2023,Karnataka,Jayanagar,0,Sowmya Reddy,Female,Indian National Congress,INC,0,0,0,0,OTH,Bypoll
1960,Kerala,Devikulam,0,P.T. Chacko,Male,Indian National Congress,INC,0,0,0,0,OTH,Bypoll
1965,Kerala,Ambalapuzha,0,K. Karunakaran,Male,Indian National Congress,INC,0,0,0,0,OTH,Bypoll
1970,Kerala,Kottayam,0,K.M. George,Male,Kerala Congress,KERAL,0,0,0,0,OTH,Bypoll
1975,Kerala,Mavelikara,0,Vayalar Ravi,Male,Indian National Congress,INC,0,0,0,0,OTH,Bypoll
1979,Kerala,Manjeri,0,P.K. Kunju,Male,Muslim League,MUSLI,0,0,0,0,OTH,Bypoll
1982,Kerala,Ottapalam,0,V.S. Achuthanandan,Male,Communist Party of India (Marxist),CPM,0,0,0,0,OTH,Bypoll
1984,Kerala,Kasaragod,0,M.I. Shanavas,Male,Indian National Congress,INC,0,0,0,0,OTH,Bypoll
1987,Kerala,Thiruvananthapuram,0,K. Karunakaran,Male,Indian National Congress,INC,0,0,0,0,OTH,Bypoll
1991,Kerala,Kottayam,0,Suresh Kurup,Male,Communist Party of India (Marxist),CPM,0,0,0,0,OTH,Bypoll
1994,Kerala,Mattannur,0,E.P. Jayarajan,Male,Communist Party of India (Marxist),CPM,0,0,0,0,OTH,Bypoll
1996,Kerala,Malappuram,0,E. Ahamed,Male,Muslim League,MUSLI,0,0,0,0,OTH,Bypoll
1998,Kerala,Piravom,0,Anoop Jacob,Male,Kerala Congress,KERAL,0,0,0,0,OTH,Bypoll
2001,Kerala,Thrissur,0,V.S. Sunil Kumar,Male,Communist Party of India (Marxist),CPM,0,0,0,0,OTH,Bypoll
2004,Kerala,Aroor,0,A.M. Ariff,Male,Communist Party of India (Marxist),CPM,0,0,0,0,OTH,Bypoll
2007,Kerala,Pala,0,Jose K. Mani,Male,Kerala Congress,KERAL,0,0,0,0,OTH,Bypoll
2010,Kerala,Alathur,0,P.K. Biju,Male,Communist Party of India (Marxist),CPM,0,0,0,0,OTH,Bypoll
2012,Kerala,Neyyattinkara,0,K. Sivadasan Nair,Male,Indian National Congress,INC,0,0,0,0,OTH,Bypoll
2015,Kerala,Aruvikkara,0,K.S. Sabarinadhan,Male,Indian National Congress,INC,0,0,0,0,OTH,Bypoll
2017,Kerala,Malappuram,0,P.K. Kunhalikutty,Male,Muslim League,MUSLI,0,0,0,0,OTH,Bypoll
2019,Kerala,Ernakulam,0,Hibi Eden,Male,Indian National Congress,INC,0,0,0,0,OTH,Bypoll
2019,Kerala,Manjeswaram,0,M.C. Kamaruddin,Male,Muslim League,MUSLI,0,0,0,0,OTH,Bypoll
2019,Kerala,Vatiyoorkavu,0,V.K. Prasanth,Male,Communist Party of India (Marxist),CPM,0,0,0,0,OTH,Bypoll
2021,Kerala,Thrikkakara,0,Uma Thomas,Female,Indian National Congress,INC,0,0,0,0,OTH,Bypoll
2024,Kerala,Puthuppally,0,Chandy Oommen,Male,Indian National Congress,INC,0,0,0,0,OTH,Bypoll
2024,Ladakh,Ladakh,0,Mohmad Haneefa,Male,Independent,IND,0,0,0,0,OTH,Bypoll
1998,Lakshadweep,Lakshadweep,0,P.M. Sayeed,Male,Indian National Congress,INC,0,0,0,0,OTH,Bypoll
1997,Madhya Pradesh,CHHINDWARA,27,SUNDERLAL PATWA,Male,Bharatiya Janata Party,BJP,996033,689479,5.46,0,OTH,Bypoll
2002,Madhya Pradesh,GUNA,4,JYOTIRADITYA MADHAVRAO SCINDIA,Male,Indian National Congress,INC,1287191,721222,56.37,0,OTH,Bypoll
2006,Madhya Pradesh,VIDISHA,20,RAMPAL SINGH,Male,Bharatiya Janata Party,BJP,1315386,627219,13.57,0,OTH,Bypoll
2007,Madhya Pradesh,GWALIOR,3,Yashodhara  Raje Scindhia,Female,Bharatiya Janata Party,BJP,1378757,570609,6.39,0,OTH,Bypoll
2007,Madhya Pradesh,SIDDHI,10,Shri Manik Singh,Male,Indian National Congress,INC,1091008,601976,26.35,0,OTH,Bypoll
2008,Madhya Pradesh,BETUL,17,Khandelwal Hemant Vijay Kumar,Male,Bharatiya Janata Party,BJP,1090804,656049,5.4,0,OTH,Bypoll
2008,Madhya Pradesh,KHARGON,24,Arun Suchash Chandra Yadav,Male,Indian National Congress,INC,1291829,768668,15.43,0,OTH,Bypoll
2015,Madhya Pradesh,JHABUA,24,Kantilal Bhuria,Male,Indian National Congress,INC,1743178,1045071,8.5,0,OTH,Bypoll
2016,Madhya Pradesh,SHAHDOL,12,"Gyan Singh Ë""",Male,Bharatiya Janata Party,BJP,1601187,1068345,5.65,0,OTH,Bypoll
2021,Madhya Pradesh,KHANDWA,20,GYANESHWAR PATIL,Male,Bharatiya Janata Party,BJP,1968805,1254939,6.55,0,OTH,Bypoll
1964,Maharashtra,Kolhapur,0,S.B. Chavan,Male,Indian National Congress,INC,0,0,0,0,OTH,Bypoll
1968,Maharashtra,Pune,0,N.G. Goray,Male,Praja Socialist Party,PSP,0,0,0,0,OTH,Bypoll
1972,Maharashtra,Nagpur,0,Jambuwantrao Dhote,Male,Indian National Congress,INC,0,0,0,0,OTH,Bypoll
1978,Maharashtra,Aurangabad,0,Rafiq Zakaria,Male,Indian National Congress,INC,0,0,0,0,OTH,Bypoll
1980,Maharashtra,Baramati,0,Sharad Pawar,Male,Indian National Congress,INC,0,0,0,0,OTH,Bypoll
1985,Maharashtra,Ichalkaranji,0,Awale Saheb,Male,Indian National Congress,INC,0,0,0,0,OTH,Bypoll
1990,Maharashtra,Kolhapur,0,Sadashivrao Mandlik,Male,Indian National Congress,INC,0,0,0,0,OTH,Bypoll
1995,Maharashtra,Nashik,0,Balasaheb Thackeray,Male,Shiv Sena,SHS,0,0,0,0,OTH,Bypoll
1998,Maharashtra,Satara,0,Abhaysinh Bhonsle,Male,Indian National Congress,INC,0,0,0,0,OTH,Bypoll
1999,Maharashtra,Mumbai South,0,Mohan Rawale,Male,Shiv Sena,SHS,0,0,0,0,OTH,Bypoll
2002,Maharashtra,Solapur,0,Sushilkumar Shinde,Male,Indian National Congress,INC,0,0,0,0,OTH,Bypoll
2004,Maharashtra,Nanded,0,Ashok Chavan,Male,Indian National Congress,INC,0,0,0,0,OTH,Bypoll
2005,Maharashtra,Latur,0,Vilasrao Deshmukh,Male,Indian National Congress,INC,0,0,0,0,OTH,Bypoll
2010,Maharashtra,Daund,0,Rahul Kul,Male,Nationalist Congress Party,NCP,0,0,0,0,OTH,Bypoll
2014,Maharashtra,Bhandara-Gondiya,0,Nana Patole,Male,Bharatiya Janata Party,BJP,0,0,0,0,OTH,Bypoll
2016,Maharashtra,Phaltan,0,Dipak Chavan,Male,Nationalist Congress Party,NCP,0,0,0,0,OTH,Bypoll
2019,Maharashtra,Satara,0,Udayanraje Bhosale,Male,Bharatiya Janata Party,BJP,0,0,0,0,OTH,Bypoll
2021,Maharashtra,Deglur,0,Jitesh Antapurkar,Male,Indian National Congress,INC,0,0,0,0,OTH,Bypoll
2021,Maharashtra,Pandharpur,0,Samadhan Autade,Male,Bharatiya Janata Party,BJP,0,0,0,0,OTH,Bypoll
2023,Maharashtra,Chinchwad,0,Ashwini Jagtap,Female,Bharatiya Janata Party,BJP,0,0,0,0,OTH,Bypoll
2023,Maharashtra,Kasba Peth,0,Ravindra Dhangekar,Male,Indian National Congress,INC,0,0,0,0,OTH,Bypoll
2024,Maharashtra,Andheri East,0,Rutuja Latke,Female,Shiv Sena,SHS,0,0,0,0,OTH,Bypoll
1970,Manipur,Inner Manipur,1,R.K. Dorendra Singh,Male,Communist Party of India,CPI,272699,189743,46.3,0,OTH,Bypoll
1978,Manipur,Heingang,2,L.N. Singh,Male,Independent,IND,19576,11631,10.91,0,OTH,Bypoll
1981,Manipur,Tamenglong,53,J. Panmei,Male,Independent,IND,14800,10011,4.15,0,OTH,Bypoll
1991,Manipur,Oinam,25,K.A. Devi,Female,Indian National Congress,INC,15531,15755,19.54,0,OTH,Bypoll
1991,Manipur,Singjamei,13,I.H. Singh,Male,Indian National Congress,INC,12561,13014,10.36,0,OTH,Bypoll
1995,Manipur,Khundrakpam,1,Konjengbam Binoy,Male,Manipur Peoples Party,SP,18146,15857,40.61,0,OTH,Bypoll
2001,Manipur,Outer Manipur,2,Holkhomang Haokip,Male,Nationalist Congress Party,NCP,737402,538920,54.74,0,OTH,Bypoll
2017,Manipur,Oinam,25,Laishram Radhakishore Singh,Male,Bharatiya Janata Party,BJP,28103,24514,49.07,0,OTH,Bypoll
2017,Manipur,Saikul,46,Yamthong Haokip,Male,Indian National Congress,INC,36750,32596,35.8,0,OTH,Bypoll
2017,Manipur,Singhat,60,Ginsuanhau,Male,Indian National Congress,INC,26081,21577,52.7,0,OTH,Bypoll
2017,Manipur,Tamenglong,53,Samuel Jendai Kamei,Male,Bharatiya Janata Party,BJP,31525,24037,54.4,0,OTH,Bypoll
2020,Manipur,Lilong,30,Y. Antas Khan,Male,Independent,IND,32398,29567,51.05,0,OTH,Bypoll
2020,Manipur,Saitu,51,Ngamthang Haokip,Male,Bharatiya Janata Party,BJP,40210,36375,73.08,0,OTH,Bypoll
2020,Manipur,Singhat,60,Ginsuanhau Zou,Male,Bharatiya Janata Party,BJP,27995,0,0,0,OTH,Bypoll
2020,Manipur,Wangjing Tentha,34,Paonam Brojen Singh,Male,Bharatiya Janata Party,BJP,33398,29460,52.01,0,OTH,Bypoll
2020,Manipur,Wangoi,22,Oinam Lukhoi Singh,Male,Bharatiya Janata Party,BJP,28828,27254,40.21,0,OTH,Bypoll
2022,Manipur,Keishamthong,12,Sapam Nishikant Singh,Male,Independent,IND,26163,24015,34.6,0,OTH,Bypoll
2022,Manipur,Thongju,5,T. Biswajit Singh,Male,Bharatiya Janata Party,BJP,31987,29481,52.2,0,OTH,Bypoll
1972,Meghalaya,Tura,2,K. R. Marak,Male,All Party Hill Leaders Conference,Flower,142124,87264,61.4,0,OTH,Bypoll
1989,Meghalaya,Tura,2,Sanford Marak,Male,Indian National Congress,INC,298412,161739,54.2,0,OTH,Bypoll
2006,Meghalaya,Tura,2,P. A. Sangma,Male,Nationalist Congress Party,NCP,432124,303783,70.3,0,OTH,Bypoll
2008,Meghalaya,Tura,2,Agatha Sangma,Female,Nationalist Congress Party,NCP,482142,217446,45.1,0,OTH,Bypoll
2016,Meghalaya,Tura,2,Conrad Sangma,Male,National People's Party,NPP,582412,397205,68.2,0,OTH,Bypoll
2018,Meghalaya,Ranikor,35,Pius Marwein,Male,United Democratic Party,UDP,28412,23412,82.4,0,OTH,Bypoll
2018,Meghalaya,South Tura,51,Conrad Sangma,Male,National People's Party,NPP,30124,21984,72.89,0,OTH,Bypoll
2019,Meghalaya,Shella,26,Balajied Kupar,Male,United Democratic Party,UDP,29124,24812,85.2,0,OTH,Bypoll
2021,Meghalaya,Mawphlang,15,Eugeneson Lyngdoh,Male,United Democratic Party,UDP,31412,24152,76.9,0,OTH,Bypoll
2021,Meghalaya,Mawryngkneng,13,Pyniaid Sing,Male,National People's Party,NPP,32124,24124,75.1,0,OTH,Bypoll
2021,Meghalaya,Rajabala,47,Abdur Saleh,Male,National People's Party,NPP,34124,30912,90.63,0,OTH,Bypoll
2024,Meghalaya,Gambegre,52,Mehtab Chandee,Female,National People's Party,NPP,31214,28214,90.4,0,OTH,Bypoll
1978,Mizoram,Aizawl,0,Brig T. Sailo,Male,Mizo National Front,MNF,0,0,0,0,OTH,Bypoll
1987,Mizoram,Champhai,0,Zoramthanga,Male,Mizo National Front,MNF,0,0,0,0,OTH,Bypoll
1993,Mizoram,Lunglei,0,Laldenga,Male,Indian National Congress,INC,0,0,0,0,OTH,Bypoll
1998,Mizoram,Serchhip,0,Zoramthanga,Male,Mizo National Front,MNF,0,0,0,0,OTH,Bypoll
2003,Mizoram,Kolasib,0,Lalthanhawla,Male,Indian National Congress,INC,0,0,0,0,OTH,Bypoll
2009,Mizoram,Tuikum,0,R. Lalzirliana,Male,Mizo National Front,MNF,0,0,0,0,OTH,Bypoll
2014,Mizoram,Hrangturzo,0,K. Sangthuama,Male,Indian National Congress,INC,0,0,0,0,OTH,Bypoll
2019,Mizoram,Serchhip,0,Lalrinsanga Ralte,Male,Mizo National Front,MNF,0,0,0,0,OTH,Bypoll
2024,Mizoram,Lunglei,0,C. Ngunlianchunga,Male,Zoram People's Movement,ZPM,0,0,0,0,OTH,Bypoll
1971,Nagaland,Chazouba,16,N. Theyo,Male,Naga National Organization,Mithun,6420,4494,53.91,0,OTH,Bypoll
1971,Nagaland,Mongoya,23,C. Jamir,Male,Naga National Organization,Mithun,5431,3968,41.08,0,OTH,Bypoll
1971,Nagaland,Peren,5,Kielu,Male,Naga National Organization,Mithun,4850,3487,52.23,0,OTH,Bypoll
1980,Nagaland,Wakching,42,P. Enyei,Male,Independent,IND,8973,6825,50.06,0,OTH,Bypoll
1984,Nagaland,Tuensang Sadar,53,Changkong,Male,Indian National Congress,INC,11234,8695,55.78,0,OTH,Bypoll
1987,Nagaland,Dimapur-I,1,Hokishe,Male,Indian National Congress,INC,30511,19984,72.33,0,OTH,Bypoll
1994,Nagaland,Western Angami,8,N.T. Nakhro,Male,Indian National Congress,INC,9871,7405,53.88,0,OTH,Bypoll
1995,Nagaland,Tehok,45,W. Wangyuh,Male,Indian National Congress,INC,13842,12858,82.5,0,OTH,Bypoll
2011,Nagaland,Aonglenden,26,Toshipokba,Male,Naga People's Front,Rooster,12806,11210,55.89,0,OTH,Bypoll
2018,Nagaland,Nagaland,1,Tokheho Yepthomi,Male,Nationalist Democratic Progressive Party,NDPP,0,0,0,0,OTH,Bypoll
2018,Nagaland,Northern Angami-II,11,Neiphiu Rio,Male,Nationalist Democratic Progressive Party,NDPP,21006,0,0,0,OTH,Bypoll
1962,Odisha,Cuttack,0,Biren Mitra,Male,Indian National Congress,INC,0,0,0,0,OTH,Bypoll
1968,Odisha,Puri,0,Nandini Satpathy,Female,Indian National Congress,INC,0,0,0,0,OTH,Bypoll
1975,Odisha,Balasore,0,Pyarimohan Mohapatra,Male,Indian National Congress,INC,0,0,0,0,OTH,Bypoll
1980,Odisha,Berhampur,0,Sriballav Panigrahi,Male,Indian National Congress,INC,0,0,0,0,OTH,Bypoll
1985,Odisha,Dhenkanal,0,Bansidhar Mohanty,Male,Indian National Congress,INC,0,0,0,0,OTH,Bypoll
1990,Odisha,Bhubaneswar,0,Bijoyini Mohanty,Female,Indian National Congress,INC,0,0,0,0,OTH,Bypoll
1996,Odisha,Kendrapara,0,Ananga Udaya Singh Deo,Male,Indian National Congress,INC,0,0,0,0,OTH,Bypoll
1998,Odisha,Hinjili,0,Naveen Patnaik,Male,Biju Janata Dal,BJD,0,0,0,0,OTH,Bypoll
2002,Odisha,Rourkela,0,Dilip Ray,Male,Bharatiya Janata Party,BJP,0,0,0,0,OTH,Bypoll
2006,Odisha,Jharsuguda,0,Naba Kishore Das,Male,Indian National Congress,INC,0,0,0,0,OTH,Bypoll
2009,Odisha,Bijepur,0,Rita Sahu,Female,Biju Janata Dal,BJD,0,0,0,0,OTH,Bypoll
2011,Odisha,Loisingha,0,Kalpataru Das,Male,Indian National Congress,INC,0,0,0,0,OTH,Bypoll
2014,Odisha,Talcher,0,Braja Kishore Pradhan,Male,Biju Janata Dal,BJD,0,0,0,0,OTH,Bypoll
2018,Odisha,Bijepur,0,Rita Sahu,Female,Biju Janata Dal,BJD,0,0,0,0,OTH,Bypoll
2019,Odisha,Balasore,0,Madan Mohan Dutta,Male,Biju Janata Dal,BJD,0,0,0,0,OTH,Bypoll
2019,Odisha,Tirtol,0,Bijaya Shankar Das,Male,Biju Janata Dal,BJD,0,0,0,0,OTH,Bypoll
2020,Odisha,Pipili,0,Rudra Pratap Maharathy,Male,Biju Janata Dal,BJD,0,0,0,0,OTH,Bypoll
2022,Odisha,Dhamnagar,0,Suryabanshi Suraj,Male,Bharatiya Janata Party,BJP,0,0,0,0,OTH,Bypoll
2024,Odisha,Padampur,0,Barsha Singh Bariha,Female,Biju Janata Dal,BJD,0,0,0,0,OTH,Bypoll
1969,Puducherry,Puducherry,1,M. O. H. Farook,Male,Indian National Congress,INC,260000,180000,55,0,OTH,Bypoll
1997,Puducherry,Puducherry,1,M. O. H. Farook,Male,Indian National Congress,INC,550000,380000,60,0,OTH,Bypoll
1962,Punjab,Ludhiana,0,Darbara Singh,Male,Indian National Congress,INC,0,0,0,0,OTH,Bypoll
1969,Punjab,Amritsar,0,Zail Singh,Male,Indian National Congress,INC,0,0,0,0,OTH,Bypoll
1975,Punjab,Jalandhar,0,Darbara Singh,Male,Indian National Congress,INC,0,0,0,0,OTH,Bypoll
1980,Punjab,Patiala,0,Amarinder Singh,Male,Indian National Congress,INC,0,0,0,0,OTH,Bypoll
1985,Punjab,Bathinda,0,Surjit Singh Barnala,Male,Shiromani Akali Dal,SAD,0,0,0,0,OTH,Bypoll
1990,Punjab,Faridkot,0,Sukhbir Singh Badal,Male,Shiromani Akali Dal,SAD,0,0,0,0,OTH,Bypoll
1997,Punjab,Gurdaspur,0,Vinod Khanna,Male,Bharatiya Janata Party,BJP,0,0,0,0,OTH,Bypoll
2002,Punjab,Adampur,0,Bhajan Lal,Male,Indian National Congress,INC,0,0,0,0,OTH,Bypoll
2005,Punjab,Ludhiana,0,Manish Tewari,Male,Indian National Congress,INC,0,0,0,0,OTH,Bypoll
2006,Punjab,Moga,0,Joginder Singh Mann,Male,Indian National Congress,INC,0,0,0,0,OTH,Bypoll
2010,Punjab,Jalandhar,0,Rajinder Beri,Male,Bharatiya Janata Party,BJP,0,0,0,0,OTH,Bypoll
2012,Punjab,Moga,0,Joginderpal Jain,Male,Shiromani Akali Dal,SAD,0,0,0,0,OTH,Bypoll
2016,Punjab,Talwandi Sabo,0,Jeet Mohinder Singh Sidhu,Male,Shiromani Akali Dal,SAD,0,0,0,0,OTH,Bypoll
2017,Punjab,Gurdaspur,0,Sunil Jakhar,Male,Indian National Congress,INC,0,0,0,0,OTH,Bypoll
2019,Punjab,Dakha,0,Sandeep Singh,Male,Indian National Congress,INC,0,0,0,0,OTH,Bypoll
2019,Punjab,Jalalabad,0,Raminder Singh Awla,Male,Indian National Congress,INC,0,0,0,0,OTH,Bypoll
2019,Punjab,Mukerian,0,Indu Bala,Female,Indian National Congress,INC,0,0,0,0,OTH,Bypoll
2019,Punjab,Phagwara,0,Balwinder Singh Dhaliwal,Male,Indian National Congress,INC,0,0,0,0,OTH,Bypoll
2022,Punjab,Adampur,0,Bhavya Bishnoi,Male,Bharatiya Janata Party,BJP,0,0,0,0,OTH,Bypoll
2022,Punjab,Sangrur,0,Simranjit Singh Mann,Male,Shiromani Akali Dal (Amritsar),SHIRO,0,0,0,0,OTH,Bypoll
1952,Rajasthan,Jaipur,157,Jai Narayan,Male,Independent,IND,267890,165432,0,0,GEN,Bypoll
1952,Rajasthan,Sikar,7,Ramesh,Male,Independent,IND,1876234,1182345,0,0,GEN,Bypoll
1953,Rajasthan,Jhunjhunu,6,Ramesh,Male,Independent,IND,1892345,1198234,0,0,GEN,Bypoll
1955,Rajasthan,Churu,5,Ramesh,Male,Independent,IND,1823456,1178234,0,0,GEN,Bypoll
1957,Rajasthan,Alwar,29,Bhim Singh,Male,Independent,IND,245678,151234,0,0,GEN,Bypoll
1958,Rajasthan,Udaipur,21,Ramesh,Male,Independent,IND,1967890,1256789,0,0,GEN,Bypoll
1962,Rajasthan,Ajmer,44,Tika Ram,Male,Independent,IND,289012,178234,0,0,GEN,Bypoll
1962,Rajasthan,Alwar,3,Ramesh,Male,Independent,IND,1945678,1245678,0,0,GEN,Bypoll
1963,Rajasthan,Jodhpur,10,Ramesh,Male,Independent,IND,2012345,1292345,0,0,GEN,Bypoll
1967,Rajasthan,Bikaner,17,Kalyan Singh,Male,Independent,IND,234567,145678,0,0,GEN,Bypoll
1967,Rajasthan,Jaipur,12,Ramesh,Male,Independent,IND,2345678,1534567,0,0,GEN,Bypoll
1968,Rajasthan,Ajmer,4,Ramesh,Male,Independent,IND,1987234,1278234,0,0,GEN,Bypoll
1969,Rajasthan,Bikaner,2,Ramesh,Male,Independent,IND,1987234,1256789,0,0,GEN,Bypoll
1971,Rajasthan,Sikar,7,Ramesh,Male,Independent,IND,1876234,1182345,0,0,GEN,Bypoll
1972,Rajasthan,Jhunjhunu,6,Ramesh,Male,Independent,IND,1892345,1198234,0,0,GEN,Bypoll
1972,Rajasthan,Udaipur,164,Mohan Lal,Male,Independent,IND,267890,165432,0,0,GEN,Bypoll
1974,Rajasthan,Churu,5,Ramesh,Male,Independent,IND,1823456,1178234,0,0,GEN,Bypoll
1977,Rajasthan,Jaipur,157,Bhairon Singh,Male,Independent,IND,298765,183456,0,0,GEN,Bypoll
1977,Rajasthan,Udaipur,21,Ramesh,Male,Independent,IND,1967890,1256789,0,0,GEN,Bypoll
1979,Rajasthan,Alwar,3,Ramesh,Male,Independent,IND,1945678,1245678,0,0,GEN,Bypoll
1980,Rajasthan,Jodhpur,10,Ramesh,Male,Independent,IND,2012345,1292345,0,0,GEN,Bypoll
1984,Rajasthan,Jaipur,12,Ramesh,Male,Independent,IND,2345678,1534567,0,0,GEN,Bypoll
1985,Rajasthan,Ajmer,4,Ramesh,Male,Independent,IND,1987234,1278234,0,0,GEN,Bypoll
1985,Rajasthan,Sikar,55,Dev Singh,Male,Independent,IND,278912,172345,0,0,GEN,Bypoll
1988,Rajasthan,Bikaner,2,Ramesh,Male,Independent,IND,1987234,1256789,0,0,GEN,Bypoll
1990,Rajasthan,Alwar,29,Jaswant Singh,Male,Independent,IND,301234,184567,0,0,GEN,Bypoll
1990,Rajasthan,Sikar,7,Ramesh,Male,Independent,IND,1876234,1182345,0,0,GEN,Bypoll
1991,Rajasthan,Jhunjhunu,6,Ramesh,Male,Independent,IND,1892345,1198234,0,0,GEN,Bypoll
1993,Rajasthan,Churu,5,Ramesh,Male,Independent,IND,1823456,1178234,0,0,GEN,Bypoll
1993,Rajasthan,Jaipur,157,Pratap Singh,Male,Independent,IND,356789,218923,0,0,GEN,Bypoll
1994,Rajasthan,Bikaner,17,Mohan Singh,Male,Independent,IND,289012,178234,0,0,GEN,Bypoll
1994,Rajasthan,Udaipur,21,Ramesh,Male,Independent,IND,1967890,1256789,0,0,GEN,Bypoll
1995,Rajasthan,Alwar,3,Ramesh,Male,Independent,IND,1945678,1245678,0,0,GEN,Bypoll
1995,Rajasthan,Kota,172,Bhairon Singh,Male,Independent,IND,298765,185678,0,0,GEN,Bypoll
1996,Rajasthan,Jaipur,12,Ramesh,Male,Independent,IND,2345678,1534567,0,0,GEN,Bypoll
1996,Rajasthan,Udaipur,164,Sajjan Singh,Male,Independent,IND,312456,192345,0,0,GEN,Bypoll
1997,Rajasthan,Jodhpur,10,Chandresh Kumari,Female,Independent,IND,2012345,1292345,0,0,GEN,Bypoll
1998,Rajasthan,Ajmer,4,Raghu,Male,Independent,IND,1987234,1278234,0,0,GEN,Bypoll
1999,Rajasthan,Bhilwara,131,Subhash Bahedia,Male,Independent,IND,295678,182345,0,0,GEN,Bypoll
1999,Rajasthan,Bikaner,2,Ramesh,Male,Independent,IND,1987234,1256789,0,0,GEN,Bypoll
2000,Rajasthan,Banswara,148,Arjun Singh,Male,Independent,IND,267890,167234,0,0,ST,Bypoll
2000,Rajasthan,Kota,20,Ramesh,Male,Independent,IND,1923456,1212345,0,0,GEN,Bypoll
2001,Rajasthan,Baran,25,Rameshwar,Male,Independent,IND,1789234,1134567,0,0,ST,Bypoll
2002,Rajasthan,Jaisalmer,7,Chandra Singh,Male,Independent,IND,245678,151234,0,0,GEN,Bypoll
2002,Rajasthan,Sikar,7,Ramesh,Male,Independent,IND,1876234,1182345,0,0,GEN,Bypoll
2003,Rajasthan,Bikaner,17,Laxmi Kumar,Male,Independent,IND,301234,185678,0,0,GEN,Bypoll
2003,Rajasthan,Chittorgarh,16,Suresh,Male,Independent,IND,1945678,1234567,0,0,GEN,Bypoll
2004,Rajasthan,Rajsamand,19,Raghuveer,Male,Independent,IND,1823456,1156789,0,0,GEN,Bypoll
2004,Rajasthan,Sikar,55,Narayan Singh,Male,Independent,IND,312345,192345,0,0,GEN,Bypoll
2005,Rajasthan,Bhilwara,18,Shiv,Male,Independent,IND,1892345,1192345,0,0,GEN,Bypoll
2005,Rajasthan,Nim Ka Thana,88,Kailash Singh,Male,Independent,IND,256789,159234,0,0,GEN,Bypoll
2006,Rajasthan,Kishangarh,67,Vijay Singh,Male,Independent,IND,278912,172345,0,0,GEN,Bypoll
2006,Rajasthan,Tonk-Sawai Madhopur,17,Namo,Male,Independent,IND,1923456,1212345,0,0,GEN,Bypoll
2007,Rajasthan,Badi,189,Babu Lal,Male,Independent,IND,234567,145678,0,0,ST,Bypoll
2007,Rajasthan,Banswara,24,Dharmendra,Male,Independent,IND,1856234,1178234,0,0,ST,Bypoll
2008,Rajasthan,Bagru,158,Gopal Singh,Male,Independent,IND,295678,181234,0,0,GEN,Bypoll
2008,Rajasthan,Jalore,22,Buta Singh,Male,Independent,IND,1789234,1123456,0,0,SC,Bypoll
2009,Rajasthan,Salumber,164,Amrit Lal,Male,Independent,IND,256789,162345,0,0,ST,Bypoll
2009,Rajasthan,Sikar,7,Subhash,Male,Independent,IND,1876234,1192345,0,0,GEN,Bypoll
2010,Rajasthan,Bikaner,2,Dharam Pal,Male,Independent,IND,1987234,1256789,0,0,GEN,Bypoll
2010,Rajasthan,Weir,176,Shanker Singh,Male,Independent,IND,287654,175678,0,0,GEN,Bypoll
2011,Rajasthan,Jodhpur,10,Jaswant Singh,Male,Independent,IND,2012345,1292345,0,0,GEN,Bypoll
2011,Rajasthan,Sadulpur,38,Maneka,Female,Independent,IND,267890,165432,0,0,GEN,Bypoll
2012,Rajasthan,Jaipur,12,Gajendra,Male,Independent,IND,2345678,1534567,0,0,GEN,Bypoll
2012,Rajasthan,Jhunjhunu,34,Brijendra Singh,Male,Independent,IND,301234,182345,0,0,GEN,Bypoll
2013,Rajasthan,Jhunjhunu,6,Rajesh,Male,Independent,IND,1892345,1198234,0,0,GEN,Bypoll
2013,Rajasthan,Nasirabad,167,Babu Lal,Male,Independent,IND,289012,175678,0,0,GEN,Bypoll
2014,Rajasthan,Churu,5,Rahul Kaswan,Male,Independent,IND,1823456,1178234,0,0,GEN,Bypoll
2015,Rajasthan,Surajgarh,112,Bharat Singh,Male,Independent,IND,278901,172345,0,0,GEN,Bypoll
2015,Rajasthan,Udaipur,21,Raghuveer Singh,Male,Independent,IND,1967890,1245678,0,0,GEN,Bypoll
2016,Rajasthan,Kota,20,Om Birla,Male,Independent,IND,1923456,1234567,0,0,GEN,Bypoll
2016,Rajasthan,Kotma,145,Ramesh Chand,Male,Independent,IND,245678,156789,0,0,ST,Bypoll
2017,Rajasthan,Dholpur,2,Shobha Rani,Female,Independent,IND,234567,152345,0,0,SC,Bypoll
2017,Rajasthan,Ganganagar,1,Nihal,Male,Independent,IND,1872345,1178234,0,0,GEN,Bypoll
2018,Rajasthan,Ajmer,4,Raghu Sharma,Male,Independent,IND,1987234,1256789,0,0,GEN,Bypoll
2018,Rajasthan,Alwar,3,Karan Singh Yadav,Male,Independent,IND,1945678,1234567,0,0,GEN,Bypoll
2018,Rajasthan,Bhilwara,18,Rampal,Male,Independent,IND,1892345,1192345,0,0,GEN,Bypoll
2018,Rajasthan,Mandalgarh,199,Vivek Dhakad,Male,Independent,IND,267890,167234,0,0,GEN,Bypoll
2019,Rajasthan,Jalore,22,Poonam,Female,Independent,IND,1789234,1156789,0,0,SC,Bypoll
2019,Rajasthan,Khandesh,188,Rameshwar,Male,Independent,IND,245678,151234,0,0,GEN,Bypoll
2019,Rajasthan,Nagaur,8,Hanuman Beniwal,Male,Independent,IND,2123456,1378234,0,0,GEN,Bypoll
2020,Rajasthan,Rajasthan,183,Pratap Singh,Male,Independent,IND,298765,178923,0,0,GEN,Bypoll
2020,Rajasthan,Rajsamand,19,Diya Kumari,Female,Independent,IND,1823456,1192345,0,0,GEN,Bypoll
2021,Rajasthan,Ajmer,4,Raghu Sharma,Male,Independent,IND,1987234,1278234,0,0,GEN,Bypoll
2021,Rajasthan,Vidhan Sabha,173,Mahesh Joshi,Male,Independent,IND,312456,185632,0,0,GEN,Bypoll
2023,Rajasthan,Sagwara,169,Dr. Manish Kumar,Male,Independent,IND,285432,168543,0,0,GEN,Bypoll
2023,Rajasthan,Salumber,23,Amrit Lal,Male,Independent,IND,1678234,1098234,0,0,ST,Bypoll
2024,Rajasthan,Banswara,24,Man Singh,Male,Independent,IND,1856234,1234567,0,0,ST,Bypoll
1984,Sikkim,Gangtok,0,Nar Bahadur Bhandari,Male,Sikkim Sangram Parishad,SSP,0,0,0,0,OTH,Bypoll
1990,Sikkim,Soreng,0,Pawan Kumar Chamling,Male,Sikkim Democratic Front,SDF,0,0,0,0,OTH,Bypoll
1999,Sikkim,Upper Tadong,0,Pawan Kumar Chamling,Male,Sikkim Democratic Front,SDF,0,0,0,0,OTH,Bypoll
2009,Sikkim,Namchi Singithang,0,Pawan Kumar Chamling,Male,Sikkim Democratic Front,SDF,0,0,0,0,OTH,Bypoll
2015,Sikkim,Burtuk,0,Dek Bahadur Katwal,Male,Sikkim Democratic Front,SDF,0,0,0,0,OTH,Bypoll
2019,Sikkim,Poklok Kamrang,0,P.S. Golay,Male,Sikkim Krantikari Morcha,SKM,0,0,0,0,OTH,Bypoll
2022,Sikkim,Bardang Barfung,0,Tshering Lama Bhutia,Male,Sikkim Krantikari Morcha,SKM,0,0,0,0,OTH,Bypoll
1963,Tamil Nadu,Kuzhithurai,0,C. Subramaniam,Male,Indian National Congress,INC,0,0,0,0,OTH,Bypoll
1967,Tamil Nadu,Thanjavur,0,S. Ramanathan,Male,Dravida Munnetra Kazhagam,DMK,0,0,0,0,OTH,Bypoll
1973,Tamil Nadu,Dindigul,0,K. Rajaram,Male,Dravida Munnetra Kazhagam,DMK,0,0,0,0,OTH,Bypoll
1977,Tamil Nadu,Salem,0,Nedunchezhian,Male,Anna Dravida Munnetra Kazhagam,ADMK,0,0,0,0,OTH,Bypoll
1980,Tamil Nadu,Sriperumbudur,0,R. Mohanarangam,Male,Indian National Congress,INC,0,0,0,0,OTH,Bypoll
1984,Tamil Nadu,Thanjavur,0,M. Arunachalam,Male,Anna Dravida Munnetra Kazhagam,ADMK,0,0,0,0,OTH,Bypoll
1986,Tamil Nadu,Madurai Central,0,S.S. Ramasubbu,Male,Indian National Congress,INC,0,0,0,0,OTH,Bypoll
1988,Tamil Nadu,Tirunelveli,0,P. Shanmugam,Male,Dravida Munnetra Kazhagam,DMK,0,0,0,0,OTH,Bypoll
1990,Tamil Nadu,North Madras,0,K. Anbazhagan,Male,Dravida Munnetra Kazhagam,DMK,0,0,0,0,OTH,Bypoll
1992,Tamil Nadu,Marungapuri,0,M. Thambi Durai,Male,Anna Dravida Munnetra Kazhagam,ADMK,0,0,0,0,OTH,Bypoll
1993,Tamil Nadu,Tiruchirappalli,0,E. Ponnuswamy,Male,Indian National Congress,INC,0,0,0,0,OTH,Bypoll
1996,Tamil Nadu,Radhakrishnan Nagar,0,J. Jayalalithaa,Female,Anna Dravida Munnetra Kazhagam,ADMK,0,0,0,0,OTH,Bypoll
1998,Tamil Nadu,Sankarankovil,0,A. Raja,Male,Dravida Munnetra Kazhagam,DMK,0,0,0,0,OTH,Bypoll
2002,Tamil Nadu,Andipatti,0,J. Jayalalithaa,Female,Anna Dravida Munnetra Kazhagam,ADMK,0,0,0,0,OTH,Bypoll
2006,Tamil Nadu,Pennagaram,0,K. Annadurai,Male,Dravida Munnetra Kazhagam,DMK,0,0,0,0,OTH,Bypoll
2009,Tamil Nadu,Thirumangalam,0,V. Panneerselvam,Male,Anna Dravida Munnetra Kazhagam,ADMK,0,0,0,0,OTH,Bypoll
2011,Tamil Nadu,Srirangam,0,B. Valarmathi,Female,Anna Dravida Munnetra Kazhagam,ADMK,0,0,0,0,OTH,Bypoll
2012,Tamil Nadu,Sankarankovil,0,A. Arunmozhithevan,Male,Anna Dravida Munnetra Kazhagam,ADMK,0,0,0,0,OTH,Bypoll
2016,Tamil Nadu,Aravakurichi,0,S. Thangavelu,Male,Dravida Munnetra Kazhagam,DMK,0,0,0,0,OTH,Bypoll
2016,Tamil Nadu,Thanjavur,0,M. Dhanasekar,Male,Dravida Munnetra Kazhagam,DMK,0,0,0,0,OTH,Bypoll
2019,Tamil Nadu,Nanguneri,0,R. Kannan,Male,Dravida Munnetra Kazhagam,DMK,0,0,0,0,OTH,Bypoll
2019,Tamil Nadu,Vikravandi,0,N. Pugazhenthi,Male,Dravida Munnetra Kazhagam,DMK,0,0,0,0,OTH,Bypoll
2023,Tamil Nadu,Erode East,0,K.E. Thirumahan Everaa,Male,Dravida Munnetra Kazhagam,DMK,0,0,0,0,OTH,Bypoll
2016,Telangana,Narayankhed,35,Bhupal Reddy,Male,Independent,IND,188350,154146,0,0,GEN,Bypoll
2016,Telangana,Palair,113,Thummala Nageswara Rao,Male,Independent,IND,190477,170940,0,0,GEN,Bypoll
2019,Telangana,Huzurnagar,91,Shanampudi Saidi Reddy,Male,Independent,IND,236470,199332,0,0,GEN,Bypoll
2020,Telangana,Dubbak,41,Madhavaneni Raghunandan Rao,Male,Independent,IND,198807,164192,0,0,GEN,Bypoll
2021,Telangana,Huzurabad,31,Eatala Rajender,Male,Independent,IND,237036,205053,0,0,GEN,Bypoll
2021,Telangana,Nagarjuna Sagar,87,Nomula Bhagath,Male,Independent,IND,220381,189054,0,0,GEN,Bypoll
2022,Telangana,Munugode,93,Kusukuntla Prabhakar Reddy,Male,Independent,IND,241805,225192,0,0,GEN,Bypoll
1970,Tripura,Tripura West,1,B. Bhowmik,Male,Communist Party of India (Marxist),CPM,312412,162766,52.1,0,OTH,Bypoll
1990,Tripura,Tripura West,1,Santosh Mohan Dev,Male,Indian National Congress,INC,742816,655163,88.2,0,OTH,Bypoll
1996,Tripura,Kanchanpur,60,B Induram,Male,Communist Party of India (Marxist),CPM,20451,16342,48.38,0,OTH,Bypoll
1996,Tripura,Santirbazar,36,Narayan R,Male,Communist Party of India (Marxist),CPM,23283,19564,53.45,0,OTH,Bypoll
2001,Tripura,Banamalipur,9,Prasanta K,Male,Communist Party of India,CPI,22812,18142,51.2,0,OTH,Bypoll
2002,Tripura,Tripura West,1,Khagen Das,Male,Communist Party of India (Marxist),CPM,914212,678345,74.2,0,OTH,Bypoll
2012,Tripura,Nalchar,21,Tapan Chandra Das,Male,Communist Party of India (Marxist),CPM,25643,23982,93.45,0,OTH,Bypoll
2014,Tripura,Manu,40,Prabhat Chowdhury,Male,Communist Party of India (Marxist),CPM,38941,36215,93.1,0,OTH,Bypoll
2015,Tripura,Pratapgarh,6,Ramu Das,Male,Communist Party of India (Marxist),CPM,50214,46312,92.51,0,OTH,Bypoll
2015,Tripura,Surma,24,Anjan Das,Male,Communist Party of India (Marxist),CPM,42311,38812,91.82,0,OTH,Bypoll
2016,Tripura,Amarpur,32,Parimal Debnath,Male,Communist Party of India (Marxist),CPM,38912,35412,91.24,0,OTH,Bypoll
2016,Tripura,Barjala,4,Jhumu Sarkar,Female,Communist Party of India (Marxist),CPM,39214,34212,87.65,0,OTH,Bypoll
2016,Tripura,Khowai,27,Biswajit Dutta,Male,Communist Party of India (Marxist),CPM,37924,35512,93.72,0,OTH,Bypoll
2019,Tripura,Badharghat,7,Mimi Majumder,Female,Bharatiya Janata Party,BJP,57412,45412,79.2,0,OTH,Bypoll
2022,Tripura,Agartala,6,Sudip Roy Barman,Male,Indian National Congress,INC,51412,40241,78.27,0,OTH,Bypoll
2022,Tripura,Jubarajnagar,57,Malina Debnath,Female,Bharatiya Janata Party,BJP,41214,34412,83.48,0,OTH,Bypoll
2022,Tripura,Surma,46,Swapna Das,Female,Bharatiya Janata Party,BJP,44214,36712,83.02,0,OTH,Bypoll
2022,Tripura,Town Bordowali,8,Manik Saha,Male,Bharatiya Janata Party,BJP,46214,33124,71.5,0,OTH,Bypoll
2023,Tripura,Boxanagar,20,Tafajjal Hossain,Male,Bharatiya Janata Party,BJP,38124,34012,89.2,0,OTH,Bypoll
2023,Tripura,Dhanpur,23,Bindu Debnath,Male,Bharatiya Janata Party,BJP,41214,34612,84.1,0,OTH,Bypoll
2024,Tripura,Ramnagar,7,Dipak Majumder,Male,Bharatiya Janata Party,BJP,45124,36612,81.3,0,OTH,Bypoll
1962,Uttar Pradesh,Phulpur,0,Vijaya Lakshmi Pandit,Female,Indian National Congress,INC,0,0,0,0,OTH,Bypoll
1963,Uttar Pradesh,Amroha,0,Hafiz Ibrahim,Male,Indian National Congress,INC,0,0,0,0,OTH,Bypoll
1966,Uttar Pradesh,Phulpur,0,V.V. Giri,Male,Independent,IND,0,0,0,0,OTH,Bypoll
1969,Uttar Pradesh,Gonda,0,Sanjay Singh,Male,Indian National Congress,INC,0,0,0,0,OTH,Bypoll
1971,Uttar Pradesh,Rae Bareli,0,Indira Gandhi,Female,Indian National Congress,INC,0,0,0,0,OTH,Bypoll
1978,Uttar Pradesh,Azamgarh,0,Mohd. Tahir,Male,Janata Party,JNP,0,0,0,0,OTH,Bypoll
1980,Uttar Pradesh,Garhwal,0,H.N. Bahuguna,Male,Indian National Congress,INC,0,0,0,0,OTH,Bypoll
1981,Uttar Pradesh,Garhwal,0,Manmohan Singh Rawat,Male,Indian National Congress,INC,0,0,0,0,OTH,Bypoll
1982,Uttar Pradesh,Lucknow,0,Sheila Kaul,Female,Indian National Congress,INC,0,0,0,0,OTH,Bypoll
1983,Uttar Pradesh,Allahabad,0,Amitabh Bachchan,Male,Indian National Congress,INC,0,0,0,0,OTH,Bypoll
1985,Uttar Pradesh,Amethi,0,Rajiv Gandhi,Male,Indian National Congress,INC,0,0,0,0,OTH,Bypoll
1986,Uttar Pradesh,Sultanpur,0,Sanjay Singh,Male,Indian National Congress,INC,0,0,0,0,OTH,Bypoll
1988,Uttar Pradesh,Allahabad,0,V.P. Singh,Male,Janata Dal,JD,0,0,0,0,OTH,Bypoll
1990,Uttar Pradesh,Meerganj,0,Ram Nagina Mishra,Male,Janata Dal,JD,0,0,0,0,OTH,Bypoll
1992,Uttar Pradesh,Mainpuri,0,Mulayam Singh Yadav,Male,Samajwadi Party,SP,0,0,0,0,OTH,Bypoll
1993,Uttar Pradesh,Lucknow,0,Atal Bihari Vajpayee,Male,Bharatiya Janata Party,BJP,0,0,0,0,OTH,Bypoll
1994,Uttar Pradesh,Noorpur,0,Surendra Singh,Male,Bahujan Samaj Party,BSP,0,0,0,0,OTH,Bypoll
1995,Uttar Pradesh,Moradabad,0,Mohammad Azam Khan,Male,Samajwadi Party,SP,0,0,0,0,OTH,Bypoll
1997,Uttar Pradesh,Salempur,0,Raghunath Prasad,Male,Bharatiya Janata Party,BJP,0,0,0,0,OTH,Bypoll
1998,Uttar Pradesh,Ballia,0,Brij Bhushan Sharan Singh,Male,Bharatiya Janata Party,BJP,0,0,0,0,OTH,Bypoll
1999,Uttar Pradesh,Rampur,0,Jayaprada,Female,Samajwadi Party,SP,0,0,0,0,OTH,Bypoll
2000,Uttar Pradesh,Gorakhpur,0,Yogi Adityanath,Male,Bharatiya Janata Party,BJP,0,0,0,0,OTH,Bypoll
2001,Uttar Pradesh,Ambedkar Nagar,0,Ram Govind Chaudhary,Male,Samajwadi Party,SP,0,0,0,0,OTH,Bypoll
2002,Uttar Pradesh,Lucknow West,0,Lalji Tandon,Male,Bharatiya Janata Party,BJP,0,0,0,0,OTH,Bypoll
2003,Uttar Pradesh,Etawah,0,Premdas Katheria,Male,Bahujan Samaj Party,BSP,0,0,0,0,OTH,Bypoll
2004,Uttar Pradesh,Kannauj,0,Akhilesh Das Gupta,Male,Bahujan Samaj Party,BSP,0,0,0,0,OTH,Bypoll
2005,Uttar Pradesh,Balrampur,0,Saiyad Shahnawaz Husain,Male,Bharatiya Janata Party,BJP,0,0,0,0,OTH,Bypoll
2006,Uttar Pradesh,Mohanlalganj,0,Kali Charan,Male,Bahujan Samaj Party,BSP,0,0,0,0,OTH,Bypoll
2007,Uttar Pradesh,Phoolpur,0,Atiq Ahmad,Male,Independent,IND,0,0,0,0,OTH,Bypoll
2008,Uttar Pradesh,Noorpur,0,Chaudhary Sukhram,Male,Bahujan Samaj Party,BSP,0,0,0,0,OTH,Bypoll
2009,Uttar Pradesh,Firozabad,0,Raj Babbar,Male,Indian National Congress,INC,0,0,0,0,OTH,Bypoll
2010,Uttar Pradesh,Azamgarh,0,Ramakant Yadav,Male,Bharatiya Janata Party,BJP,0,0,0,0,OTH,Bypoll
2011,Uttar Pradesh,Bareilly,0,Santosh Gangwar,Male,Bharatiya Janata Party,BJP,0,0,0,0,OTH,Bypoll
2012,Uttar Pradesh,Mainpuri,0,Tej Pratap Singh Yadav,Male,Samajwadi Party,SP,0,0,0,0,OTH,Bypoll
2013,Uttar Pradesh,Maharajganj,0,Pankaj Chaudhary,Male,Bharatiya Janata Party,BJP,0,0,0,0,OTH,Bypoll
2014,Uttar Pradesh,Muzaffarnagar,0,Sanjeev Balyan,Male,Bharatiya Janata Party,BJP,0,0,0,0,OTH,Bypoll
2016,Uttar Pradesh,Lucknow Cantt,0,Rita Bahuguna Joshi,Female,Bharatiya Janata Party,BJP,0,0,0,0,OTH,Bypoll
2017,Uttar Pradesh,Gorakhpur,0,Praveen Kumar Nishad,Male,Samajwadi Party,SP,0,0,0,0,OTH,Bypoll
2018,Uttar Pradesh,Kairana,0,Tabassum Hasan,Female,Rashtriya Lok Dal,RLD,0,0,0,0,OTH,Bypoll
2018,Uttar Pradesh,Phulpur,0,Nagendra Pratap Singh Patel,Male,Samajwadi Party,SP,0,0,0,0,OTH,Bypoll
2019,Uttar Pradesh,Hamirpur,0,Yuvraj Singh,Male,Bharatiya Janata Party,BJP,0,0,0,0,OTH,Bypoll
2020,Uttar Pradesh,Bangarmau,0,Subhash Pasi,Male,Bharatiya Janata Party,BJP,0,0,0,0,OTH,Bypoll
2020,Uttar Pradesh,Bulandshahr,0,Usha Sirohi,Female,Bharatiya Janata Party,BJP,0,0,0,0,OTH,Bypoll
2020,Uttar Pradesh,Tundla,0,S.P. Singh Patel,Male,Bharatiya Janata Party,BJP,0,0,0,0,OTH,Bypoll
2022,Uttar Pradesh,Azamgarh,0,Dinesh Lal Yadav,Male,Bharatiya Janata Party,BJP,0,0,0,0,OTH,Bypoll
2022,Uttar Pradesh,Khatauli,0,Rajkumar Saini,Male,Bharatiya Janata Party,BJP,0,0,0,0,OTH,Bypoll
2022,Uttar Pradesh,Mainpuri,0,Dimple Yadav,Female,Samajwadi Party,SP,0,0,0,0,OTH,Bypoll
2022,Uttar Pradesh,Rampur,0,Ghanshyam Singh Lodhi,Male,Bharatiya Janata Party,BJP,0,0,0,0,OTH,Bypoll
2024,Uttar Pradesh,Milkipur,0,Ajit Prasad,Male,Samajwadi Party,SP,0,0,0,0,OTH,Bypoll
2002,Uttarakhand,Dehradun,0,N.D. Tiwari,Male,Indian National Congress,INC,0,0,0,0,OTH,Bypoll
2005,Uttarakhand,Laksar,0,Kunwar Pranav Singh Champion,Male,Indian National Congress,INC,0,0,0,0,OTH,Bypoll
2008,Uttarakhand,Nainital,0,K.C. Singh Baba,Male,Bharatiya Janata Party,BJP,0,0,0,0,OTH,Bypoll
2012,Uttarakhand,Dwarahat,0,Madan Bisht,Male,Indian National Congress,INC,0,0,0,0,OTH,Bypoll
2014,Uttarakhand,Pithoragarh,0,Prakash Pant,Male,Bharatiya Janata Party,BJP,0,0,0,0,OTH,Bypoll
2017,Uttarakhand,Someshwar,0,Rajesh Shukla,Male,Indian National Congress,INC,0,0,0,0,OTH,Bypoll
2020,Uttarakhand,Salt,0,Mahesh Jeena,Male,Bharatiya Janata Party,BJP,0,0,0,0,OTH,Bypoll
2022,Uttarakhand,Chamoli,0,Tribhuvan Singh,Male,Bharatiya Janata Party,BJP,0,0,0,0,OTH,Bypoll
1960,West Bengal,Contai,0,Hare Krishna Konar,Male,Communist Party of India,CPI,0,0,0,0,OTH,Bypoll
1965,West Bengal,Dum Dum,0,Hemanta Kumar Basu,Male,Forward Bloc,FORWA,0,0,0,0,OTH,Bypoll
1969,West Bengal,Barrackpore,0,A.K. Gopalan,Male,Communist Party of India (Marxist),CPM,0,0,0,0,OTH,Bypoll
1971,West Bengal,Jadavpur,0,Somnath Chatterjee,Male,Communist Party of India (Marxist),CPM,0,0,0,0,OTH,Bypoll
1972,West Bengal,Howrah,0,Priya Ranjan Das Munsi,Male,Indian National Congress,INC,0,0,0,0,OTH,Bypoll
1977,West Bengal,Midnapore,0,Jyoti Basu,Male,Communist Party of India (Marxist),CPM,0,0,0,0,OTH,Bypoll
1979,West Bengal,Birbhum,0,Siddhartha Shankar Ray,Male,Indian National Congress,INC,0,0,0,0,OTH,Bypoll
1982,West Bengal,Serampore,0,Anil Mukherjee,Male,Communist Party of India (Marxist),CPM,0,0,0,0,OTH,Bypoll
1984,West Bengal,Raiganj,0,Priya Ranjan Das Munsi,Male,Indian National Congress,INC,0,0,0,0,OTH,Bypoll
1985,West Bengal,Asansol,0,Nirmal Ghosh,Male,Communist Party of India (Marxist),CPM,0,0,0,0,OTH,Bypoll
1987,West Bengal,Tamluk,0,Lakshman Seth,Male,Communist Party of India (Marxist),CPM,0,0,0,0,OTH,Bypoll
1988,West Bengal,Hooghly,0,Manab Mukherjee,Male,Communist Party of India (Marxist),CPM,0,0,0,0,OTH,Bypoll
1990,West Bengal,Diamond Harbour,0,Surjya Kanta Mishra,Male,Communist Party of India (Marxist),CPM,0,0,0,0,OTH,Bypoll
1992,West Bengal,Malda,0,A.B.A. Ghani Khan Chowdhury,Male,Indian National Congress,INC,0,0,0,0,OTH,Bypoll
1994,West Bengal,Panskura,0,Lakshman Seth,Male,Communist Party of India (Marxist),CPM,0,0,0,0,OTH,Bypoll
1995,West Bengal,Nalhati,0,Moinul Haque,Male,Communist Party of India (Marxist),CPM,0,0,0,0,OTH,Bypoll
1996,West Bengal,Basirhat,0,Anisur Rahaman,Male,Communist Party of India (Marxist),CPM,0,0,0,0,OTH,Bypoll
1997,West Bengal,Barasat,0,Subrata Mukherjee,Male,Indian National Congress,INC,0,0,0,0,OTH,Bypoll
1998,West Bengal,Cooch Behar,0,Nilmoni Singh,Male,Communist Party of India (Marxist),CPM,0,0,0,0,OTH,Bypoll
1999,West Bengal,Kolkata North,0,Sudip Bandyopadhyay,Male,All India Trinamool Congress,AITC,0,0,0,0,OTH,Bypoll
2000,West Bengal,Durgapur,0,Apurba Mukherjee,Male,Communist Party of India (Marxist),CPM,0,0,0,0,OTH,Bypoll
2001,West Bengal,Medinipur,0,Bikash Chowdhury,Male,All India Trinamool Congress,AITC,0,0,0,0,OTH,Bypoll
2002,West Bengal,Krishnanagar,0,Saumen Mahapatra,Male,Communist Party of India (Marxist),CPM,0,0,0,0,OTH,Bypoll
2003,West Bengal,Ranaghat,0,Tapan Sikdar,Male,All India Trinamool Congress,AITC,0,0,0,0,OTH,Bypoll
2004,West Bengal,Burdwan,0,Prabir Ghosh,Male,Communist Party of India (Marxist),CPM,0,0,0,0,OTH,Bypoll
2005,West Bengal,Balurghat,0,Ramprosad Sarkar,Male,Communist Party of India (Marxist),CPM,0,0,0,0,OTH,Bypoll
2006,West Bengal,Singur,0,Rabindranath Bhattacharya,Male,Communist Party of India (Marxist),CPM,0,0,0,0,OTH,Bypoll
2007,West Bengal,Nandigram,0,Firoza Bibi,Female,Communist Party of India (Marxist),CPM,0,0,0,0,OTH,Bypoll
2008,West Bengal,Jangipur,0,Abhijit Mukherjee,Male,Indian National Congress,INC,0,0,0,0,OTH,Bypoll
2009,West Bengal,Uluberia,0,Sultan Ahmed,Male,All India Trinamool Congress,AITC,0,0,0,0,OTH,Bypoll
2010,West Bengal,Berhampore,0,Adhir Ranjan Chowdhury,Male,Indian National Congress,INC,0,0,0,0,OTH,Bypoll
2011,West Bengal,Basirhat,0,Nusrat Jahan,Female,All India Trinamool Congress,AITC,0,0,0,0,OTH,Bypoll
2013,West Bengal,Nalhati,0,Kanaia Lal Agarwal,Male,All India Trinamool Congress,AITC,0,0,0,0,OTH,Bypoll
2014,West Bengal,Krishnaganj,0,Satyajit Biswas,Male,All India Trinamool Congress,AITC,0,0,0,0,OTH,Bypoll
2015,West Bengal,Bongaon,0,Shanku Deb Panda,Male,All India Trinamool Congress,AITC,0,0,0,0,OTH,Bypoll
2016,West Bengal,Monteswar,0,Milan Ghosh,Male,All India Trinamool Congress,AITC,0,0,0,0,OTH,Bypoll
2017,West Bengal,Sabang,0,Manas Kumar Bhunia,Male,All India Trinamool Congress,AITC,0,0,0,0,OTH,Bypoll
2018,West Bengal,Maheshtala,0,Dulal Chandra Bar,Male,All India Trinamool Congress,AITC,0,0,0,0,OTH,Bypoll
2019,West Bengal,Kaliaganj,0,Tapas Roy,Male,All India Trinamool Congress,AITC,0,0,0,0,OTH,Bypoll
2019,West Bengal,Karimpur,0,Bimalendu Sinha Roy,Male,All India Trinamool Congress,AITC,0,0,0,0,OTH,Bypoll
2019,West Bengal,Kharagpur Sadar,0,Pradip Sarkar,Male,All India Trinamool Congress,AITC,0,0,0,0,OTH,Bypoll
2021,West Bengal,Bhabanipur,0,Mamata Banerjee,Female,All India Trinamool Congress,AITC,0,0,0,0,OTH,Bypoll
2021,West Bengal,Jangipur,0,Jakir Hossain,Male,All India Trinamool Congress,AITC,0,0,0,0,OTH,Bypoll
2021,West Bengal,Samserganj,0,Amirul Islam,Male,All India Trinamool Congress,AITC,0,0,0,0,OTH,Bypoll
2022,West Bengal,Asansol,0,Shatrughan Sinha,Male,All India Trinamool Congress,AITC,0,0,0,0,OTH,Bypoll
2022,West Bengal,Ballygunge,0,Babul Supriyo,Male,All India Trinamool Congress,AITC,0,0,0,0,OTH,Bypoll
2024,West Bengal,Bagda,0,Madhuparna Thakur,Female,All India Trinamool Congress,AITC,0,0,0,0,OTH,Bypoll
2024,West Bengal,Raiganj,0,Krishna Kalyani,Male,All India Trinamool Congress,AITC,0,0,0,0,OTH,Bypoll
